minutes,timestamp,asi,vsi,pAltitude,cht
0.0,485954797,,,,"[251.6, 271.4, 305.6, 275.0]"
0.0,485954797,41.68466522678186,24,322,
0.0,485954797,39.09287257019439,67,322,
0.0,485954797,,,,"[251.6, 271.4, 305.6, 275.0]"
0.0,485954797,41.68466522678186,24,322,
0.06666666666666667,485954801,,,,"[253.4, 276.8, 311.0, 284.0]"
0.06666666666666667,485954801,57.34341252699784,116,330,
0.06666666666666667,485954801,,,,"[253.4, 276.8, 311.0, 284.0]"
0.06666666666666667,485954801,57.34341252699784,116,330,
0.13333333333333333,485954805,72.94816414686825,125,336,
0.13333333333333333,485954805,,,,"[253.4, 276.8, 311.0, 284.0]"
0.13333333333333333,485954805,77.32181425485962,-134,329,
0.13333333333333333,485954805,,,,"[253.4, 282.2, 314.6, 284.0]"
0.18333333333333332,485954807,79.04967602591793,-227,319,
0.18333333333333332,485954807,,,,"[255.2, 280.4, 311.0, 278.6]"
0.18333333333333332,485954807,83.36933045356372,69,330,
0.18333333333333332,485954807,79.04967602591793,-227,319,
0.18333333333333332,485954807,,,,"[255.2, 280.4, 311.0, 278.6]"
0.18333333333333332,485954807,83.36933045356372,69,330,
0.23333333333333334,485954811,91.1987041036717,921,375,
0.23333333333333334,485954811,,,,"[262.4, 284.0, 323.6, 280.4]"
0.23333333333333334,485954811,92.92656587473002,1093,397,
0.23333333333333334,485954811,91.1987041036717,921,375,
0.23333333333333334,485954811,,,,"[262.4, 284.0, 323.6, 280.4]"
0.23333333333333334,485954811,92.92656587473002,1093,397,
0.3,485954819,92.92656587473002,991,431,
0.3,485954819,94.7084233261339,1239,455,
0.3,485954819,,,,"[267.8, 291.2, 330.8, 291.2]"
0.3,485954819,92.92656587473002,991,431,
0.3,485954819,94.7084233261339,1239,455,
0.3,485954819,,,,"[267.8, 291.2, 330.8, 291.2]"
0.36666666666666664,485954823,94.7084233261339,1242,518,
0.36666666666666664,485954823,,,,"[267.8, 289.4, 334.4, 287.6]"
0.36666666666666664,485954823,,,,"[275.0, 294.8, 336.2, 293.0]"
0.36666666666666664,485954823,96.43628509719221,1656,550,
0.36666666666666664,485954823,,,,"[267.8, 289.4, 334.4, 287.6]"
0.36666666666666664,485954823,,,,"[275.0, 294.8, 336.2, 293.0]"
0.36666666666666664,485954823,96.43628509719221,1656,550,
0.43333333333333335,485954827,99.02807775377968,1369,613,
0.43333333333333335,485954827,,,,"[278.6, 293.0, 343.4, 293.0]"
0.4666666666666667,485954829,99.02807775377968,1255,634,
0.4666666666666667,485954829,,,,"[280.4, 294.8, 348.8, 298.4]"
0.4666666666666667,485954829,96.43628509719221,1332,660,
0.4666666666666667,485954829,,,,"[280.4, 294.8, 348.8, 298.4]"
0.4666666666666667,485954829,96.43628509719221,1332,660,
0.55,485954833,104.26565874730022,1265,728,
0.55,485954833,,,,"[278.6, 296.6, 347.0, 296.6]"
0.55,485954833,104.26565874730022,1307,750,
0.55,485954833,104.26565874730022,1265,728,
0.55,485954833,,,,"[278.6, 296.6, 347.0, 296.6]"
0.55,485954833,104.26565874730022,1307,750,
0.6166666666666667,485954837,,,,"[276.8, 296.6, 348.8, 296.6]"
0.6166666666666667,485954837,105.12958963282938,1500,823,
0.65,485954840,,,,"[282.2, 298.4, 350.6, 303.8]"
0.65,485954840,103.40172786177106,1115,830,
0.65,485954840,,,,"[282.2, 296.6, 354.2, 296.6]"
0.65,485954840,103.40172786177106,1118,852,
0.65,485954840,,,,"[282.2, 298.4, 350.6, 303.8]"
0.65,485954840,103.40172786177106,1115,830,
0.65,485954840,,,,"[282.2, 296.6, 354.2, 296.6]"
0.65,485954840,103.40172786177106,1118,852,
0.7166666666666667,485954844,105.12958963282938,1353,908,
0.7166666666666667,485954844,,,,"[284.0, 298.4, 352.4, 294.8]"
0.7166666666666667,485954844,105.12958963282938,1366,933,
0.7166666666666667,485954844,,,,"[289.4, 300.2, 361.4, 305.6]"
0.7166666666666667,485954844,105.12958963282938,1353,908,
0.7166666666666667,485954844,,,,"[284.0, 298.4, 352.4, 294.8]"
0.7166666666666667,485954844,105.12958963282938,1366,933,
0.7166666666666667,485954844,,,,"[289.4, 300.2, 361.4, 305.6]"
0.7666666666666667,485954848,,,,"[284.0, 305.6, 361.4, 305.6]"
0.7666666666666667,485954848,102.53779697624188,1070,990,
0.7666666666666667,485954848,,,,"[284.0, 305.6, 361.4, 305.6]"
0.7666666666666667,485954848,102.53779697624188,1070,990,
0.85,485954852,101.61987041036716,1375,1075,
0.85,485954852,,,,"[291.2, 305.6, 361.4, 309.2]"
0.85,485954852,101.61987041036716,1689,1111,
0.85,485954852,101.61987041036716,1375,1075,
0.85,485954852,,,,"[291.2, 305.6, 361.4, 309.2]"
0.85,485954852,101.61987041036716,1689,1111,
0.9166666666666666,485954856,,,,"[294.8, 307.4, 368.6, 307.4]"
0.9166666666666666,485954856,100.755939524838,1381,1179,
0.9166666666666666,485954856,,,,"[294.8, 307.4, 368.6, 307.4]"
0.9166666666666666,485954856,100.755939524838,1381,1179,
1.0,485954860,100.755939524838,881,1227,
1.0,485954860,,,,"[296.6, 305.6, 370.4, 311.0]"
1.0,485954860,101.61987041036716,992,1250,
1.0,485954860,100.755939524838,881,1227,
1.0,485954860,,,,"[296.6, 305.6, 370.4, 311.0]"
1.0,485954860,101.61987041036716,992,1250,
1.0666666666666667,485954864,101.61987041036716,765,1288,
1.0666666666666667,485954864,,,,"[298.4, 309.2, 374.0, 307.4]"
1.0666666666666667,485954864,100.755939524838,726,1298,
1.0833333333333333,485954866,102.53779697624188,691,1310,
1.0833333333333333,485954866,,,,"[303.8, 309.2, 377.6, 312.8]"
1.0833333333333333,485954866,,,,"[300.2, 309.2, 372.2, 316.4]"
1.0833333333333333,485954866,102.53779697624188,691,1310,
1.0833333333333333,485954866,,,,"[303.8, 309.2, 377.6, 312.8]"
1.0833333333333333,485954866,,,,"[300.2, 309.2, 372.2, 316.4]"
1.1666666666666667,485954870,105.99352051835854,504,1337,
1.1666666666666667,485954870,,,,"[305.6, 311.0, 377.6, 316.4]"
1.1666666666666667,485954870,106.8574514038877,487,1341,
1.1666666666666667,485954870,105.99352051835854,504,1337,
1.1666666666666667,485954870,,,,"[305.6, 311.0, 377.6, 316.4]"
1.1666666666666667,485954870,106.8574514038877,487,1341,
1.2333333333333334,485954874,109.44924406047517,436,1364,
1.2333333333333334,485954874,,,,"[303.8, 311.0, 381.2, 312.8]"
1.2333333333333334,485954874,110.31317494600432,395,1368,
1.25,485954881,,,,"[309.2, 311.0, 386.6, 320.0]"
1.25,485954881,109.44924406047517,273,1372,
1.25,485954881,,,,"[303.8, 311.0, 379.4, 311.0]"
1.25,485954881,,,,"[309.2, 311.0, 386.6, 320.0]"
1.25,485954881,109.44924406047517,273,1372,
1.25,485954881,,,,"[303.8, 311.0, 379.4, 311.0]"
1.3333333333333333,485954885,,,,"[303.8, 307.4, 375.8, 309.2]"
1.3333333333333333,485954885,110.31317494600432,519,1402,
1.3333333333333333,485954885,109.44924406047517,500,1412,
1.3333333333333333,485954885,,,,"[303.8, 307.4, 375.8, 309.2]"
1.3333333333333333,485954885,110.31317494600432,519,1402,
1.3333333333333333,485954885,109.44924406047517,500,1412,
1.4,485954889,110.31317494600432,808,1444,
1.4,485954889,,,,"[303.8, 312.8, 383.0, 316.4]"
1.4,485954889,109.44924406047517,605,1453,
1.4,485954889,110.31317494600432,808,1444,
1.4,485954889,,,,"[303.8, 312.8, 383.0, 316.4]"
1.4,485954889,109.44924406047517,605,1453,
1.45,485954892,109.44924406047517,415,1469,
1.45,485954892,,,,"[311.0, 311.0, 390.2, 316.4]"
1.45,485954892,,,,"[311.0, 314.6, 390.2, 314.6]"
1.45,485954892,109.44924406047517,415,1469,
1.45,485954892,,,,"[311.0, 311.0, 390.2, 316.4]"
1.45,485954892,,,,"[311.0, 314.6, 390.2, 314.6]"
1.5333333333333334,485954897,111.17710583153348,99,1470,
1.5333333333333334,485954897,,,,"[305.6, 311.0, 384.8, 309.2]"
1.5333333333333334,485954897,111.17710583153348,166,1476,
1.5666666666666667,485954899,,,,"[305.6, 312.8, 386.6, 316.4]"
1.5666666666666667,485954899,112.0950323974082,62,1478,
1.5666666666666667,485954899,,,,"[305.6, 311.0, 383.0, 312.8]"
1.5666666666666667,485954899,,,,"[305.6, 312.8, 386.6, 316.4]"
1.5666666666666667,485954899,112.0950323974082,62,1478,
1.5666666666666667,485954899,,,,"[305.6, 311.0, 383.0, 312.8]"
1.6166666666666667,485954903,,,,"[311.0, 314.6, 384.8, 312.8]"
1.6166666666666667,485954903,113.82289416846652,315,1501,
1.6166666666666667,485954903,,,,"[302.0, 309.2, 383.0, 312.8]"
1.6166666666666667,485954903,,,,"[311.0, 314.6, 384.8, 312.8]"
1.6166666666666667,485954903,113.82289416846652,315,1501,
1.6166666666666667,485954903,,,,"[302.0, 309.2, 383.0, 312.8]"
1.7,485954907,110.31317494600432,470,1527,
1.7,485954907,,,,"[311.0, 309.2, 386.6, 318.2]"
1.7,485954907,110.31317494600432,781,1542,
1.7333333333333334,485954909,108.58531317494601,700,1554,
1.7333333333333334,485954909,,,,"[314.6, 309.2, 392.0, 314.6]"
1.7333333333333334,485954909,108.58531317494601,700,1554,
1.7333333333333334,485954909,,,,"[314.6, 309.2, 392.0, 314.6]"
1.8,485954913,103.40172786177106,952,1598,
1.8,485954913,,,,"[309.2, 311.0, 386.6, 316.4]"
1.8,485954913,102.53779697624188,583,1600,
1.8,485954913,103.40172786177106,952,1598,
1.8,485954913,,,,"[309.2, 311.0, 386.6, 316.4]"
1.8,485954913,102.53779697624188,583,1600,
1.8833333333333333,485954917,102.53779697624188,653,1637,
1.8833333333333333,485954917,,,,"[311.0, 307.4, 392.0, 316.4]"
1.8833333333333333,485954917,101.61987041036716,441,1641,
1.9,485954919,,,,"[305.6, 305.6, 383.0, 311.0]"
1.9,485954919,100.755939524838,516,1648,
1.9,485954919,,,,"[305.6, 305.6, 383.0, 311.0]"
1.9,485954919,100.755939524838,516,1648,
1.9666666666666666,485954923,99.89200863930884,616,1678,
1.9666666666666666,485954923,,,,"[303.8, 307.4, 383.0, 312.8]"
1.9666666666666666,485954923,99.02807775377968,437,1683,
1.9666666666666666,485954923,99.89200863930884,616,1678,
1.9666666666666666,485954923,,,,"[303.8, 307.4, 383.0, 312.8]"
1.9666666666666666,485954923,99.02807775377968,437,1683,
2.05,485954927,,,,"[309.2, 303.8, 384.8, 316.4]"
2.05,485954927,99.02807775377968,819,1728,
2.05,485954927,,,,"[309.2, 307.4, 384.8, 312.8]"
2.05,485954927,99.89200863930884,850,1748,
2.066666666666667,485954929,97.30021598272137,667,1754,
2.066666666666667,485954929,,,,"[309.2, 305.6, 384.8, 316.4]"
2.066666666666667,485954929,97.30021598272137,667,1754,
2.066666666666667,485954929,,,,"[309.2, 305.6, 384.8, 316.4]"
2.1333333333333333,485954933,96.43628509719221,710,1797,
2.1333333333333333,485954933,96.43628509719221,710,1797,
2.1333333333333333,485954937,95.57235421166305,453,1826,
2.1333333333333333,485954937,,,,"[307.4, 305.6, 383.0, 312.8]"
2.1333333333333333,485954937,94.7084233261339,541,1836,
2.1333333333333333,485954937,,,,"[311.0, 305.6, 388.4, 316.4]"
2.2333333333333334,485954939,94.7084233261339,560,1846,
2.2333333333333334,485954939,,,,"[307.4, 305.6, 383.0, 312.8]"
2.2333333333333334,485954939,94.7084233261339,560,1846,
2.2333333333333334,485954939,,,,"[307.4, 305.6, 383.0, 312.8]"
2.316666666666667,485954948,,,,"[309.2, 305.6, 388.4, 314.6]"
2.316666666666667,485954948,92.06263498920086,623,1888,
2.316666666666667,485954948,,,,"[312.8, 309.2, 388.4, 316.4]"
2.316666666666667,485954948,,,,"[309.2, 305.6, 388.4, 314.6]"
2.316666666666667,485954948,92.06263498920086,623,1888,
2.316666666666667,485954948,,,,"[312.8, 309.2, 388.4, 316.4]"
2.3833333333333333,485954952,88.60691144708423,869,1936,
2.3833333333333333,485954952,,,,"[305.6, 307.4, 384.8, 318.2]"
2.3833333333333333,485954952,88.60691144708423,849,1948,
2.3833333333333333,485954952,,,,"[305.6, 300.2, 379.4, 311.0]"
2.3833333333333333,485954952,88.60691144708423,869,1936,
2.3833333333333333,485954952,,,,"[305.6, 307.4, 384.8, 318.2]"
2.3833333333333333,485954952,88.60691144708423,849,1948,
2.3833333333333333,485954952,,,,"[305.6, 300.2, 379.4, 311.0]"
2.45,485954956,,,,"[305.6, 303.8, 377.6, 312.8]"
2.45,485954956,90.33477321814254,787,1991,
2.45,485954956,,,,"[305.6, 303.8, 377.6, 312.8]"
2.45,485954956,90.33477321814254,787,1991,
2.533333333333333,485954960,,,,"[303.8, 300.2, 379.4, 312.8]"
2.533333333333333,485954960,88.60691144708423,754,2031,
2.533333333333333,485954960,89.47084233261339,963,2052,
2.533333333333333,485954960,,,,"[303.8, 300.2, 379.4, 312.8]"
2.533333333333333,485954960,88.60691144708423,754,2031,
2.533333333333333,485954960,89.47084233261339,963,2052,
2.5833333333333335,485954964,,,,"[303.8, 303.8, 383.0, 314.6]"
2.5833333333333335,485954964,88.60691144708423,977,2110,
2.5833333333333335,485954964,,,,"[305.6, 307.4, 381.2, 316.4]"
2.5833333333333335,485954964,,,,"[303.8, 303.8, 383.0, 314.6]"
2.5833333333333335,485954964,88.60691144708423,977,2110,
2.5833333333333335,485954964,,,,"[305.6, 307.4, 381.2, 316.4]"
2.6666666666666665,485954968,88.60691144708423,1128,2166,
2.6666666666666665,485954968,,,,"[309.2, 307.4, 383.0, 318.2]"
2.6666666666666665,485954968,87.74298056155507,936,2180,
2.6666666666666665,485954968,88.60691144708423,1128,2166,
2.6666666666666665,485954968,,,,"[309.2, 307.4, 383.0, 318.2]"
2.6666666666666665,485954968,87.74298056155507,936,2180,
2.716666666666667,485954972,86.01511879049676,1086,2221,
2.716666666666667,485954972,,,,"[307.4, 309.2, 390.2, 316.4]"
2.716666666666667,485954972,86.01511879049676,1177,2240,
2.75,485954974,86.87904967602591,1244,2265,
2.75,485954974,,,,"[311.0, 305.6, 390.2, 320.0]"
2.75,485954974,84.28725701943844,1197,2282,
2.75,485954974,,,,"[307.4, 307.4, 379.4, 318.2]"
2.8,485954976,82.50539956803456,1056,2296,
2.8,485954976,,,,"[305.6, 305.6, 386.6, 320.0]"
2.8,485954976,80.77753779697625,1102,2319,
2.8333333333333335,485954978,,,,"[311.0, 307.4, 386.6, 318.2]"
2.8333333333333335,485954978,80.77753779697625,1131,2340,
2.8333333333333335,485954978,80.77753779697625,1049,2354,
2.8333333333333335,485954978,,,,"[305.6, 305.6, 386.6, 318.2]"
2.8666666666666667,485954980,80.77753779697625,970,2372,
2.8666666666666667,485954980,,,,"[309.2, 305.6, 386.6, 316.4]"
2.8666666666666667,485954980,79.91360691144709,854,2386,
2.9,485954982,,,,"[307.4, 311.0, 386.6, 320.0]"
2.9,485954982,80.77753779697625,689,2396,
2.9,485954982,,,,"[305.6, 305.6, 381.2, 316.4]"
2.933333333333333,485954984,80.77753779697625,765,2415,
2.933333333333333,485954984,,,,"[309.2, 311.0, 388.4, 321.8]"
2.933333333333333,485954984,81.6414686825054,874,2434,
2.95,485954987,,,,"[316.4, 309.2, 395.6, 323.6]"
2.95,485954987,81.6414686825054,947,2448,
2.95,485954987,,,,"[314.6, 311.0, 392.0, 318.2]"
3.0,485954988,81.6414686825054,989,2467,
3.0,485954988,,,,"[307.4, 312.8, 392.0, 320.0]"
3.0,485954988,81.6414686825054,803,2481,
3.0,485954988,,,,"[307.4, 312.8, 392.0, 320.0]"
3.0,485954988,81.6414686825054,803,2481,
3.033333333333333,485954992,86.01511879049676,719,2520,
3.033333333333333,485954992,,,,"[309.2, 312.8, 386.6, 316.4]"
3.033333333333333,485954992,86.01511879049676,719,2520,
3.033333333333333,485954992,,,,"[309.2, 312.8, 386.6, 316.4]"
3.1333333333333333,485954996,86.01511879049676,825,2563,
3.1333333333333333,485954996,,,,"[311.0, 311.0, 390.2, 321.8]"
3.1333333333333333,485954996,85.1511879049676,866,2581,
3.1333333333333333,485954996,86.01511879049676,825,2563,
3.1333333333333333,485954996,,,,"[311.0, 311.0, 390.2, 321.8]"
3.1333333333333333,485954996,85.1511879049676,866,2581,
3.2,485955001,85.1511879049676,860,2631,
3.2,485955001,,,,"[312.8, 311.0, 392.0, 320.0]"
3.2,485955002,83.36933045356372,867,2646,
3.2,485955002,,,,"[312.8, 311.0, 388.4, 321.8]"
3.2,485955002,83.36933045356372,867,2646,
3.2,485955002,,,,"[312.8, 311.0, 388.4, 321.8]"
3.3,485955010,83.36933045356372,791,2695,
3.3,485955010,,,,"[314.6, 314.6, 397.4, 321.8]"
3.3,485955010,83.36933045356372,783,2708,
3.316666666666667,485955012,,,,"[316.4, 316.4, 397.4, 329.0]"
3.316666666666667,485955012,85.1511879049676,667,2718,
3.316666666666667,485955012,,,,"[318.2, 316.4, 397.4, 321.8]"
3.3666666666666667,485955015,86.87904967602591,688,2736,
3.3666666666666667,485955015,87.74298056155507,842,2753,
3.3666666666666667,485955015,,,,"[318.2, 316.4, 401.0, 327.2]"
3.3666666666666667,485955015,87.74298056155507,842,2753,
3.3666666666666667,485955015,,,,"[318.2, 316.4, 401.0, 327.2]"
3.433333333333333,485955019,,,,"[323.6, 318.2, 404.6, 330.8]"
3.433333333333333,485955019,89.47084233261339,921,2804,
3.433333333333333,485955019,,,,"[318.2, 318.2, 401.0, 325.4]"
3.433333333333333,485955019,,,,"[323.6, 318.2, 404.6, 330.8]"
3.433333333333333,485955019,89.47084233261339,921,2804,
3.433333333333333,485955019,,,,"[318.2, 318.2, 401.0, 325.4]"
3.5,485955023,92.92656587473002,672,2836,
3.5,485955023,,,,"[321.8, 320.0, 402.8, 325.4]"
3.5,485955023,96.43628509719221,133,2829,
3.533333333333333,485955025,,,,"[320.0, 318.2, 402.8, 329.0]"
3.533333333333333,485955025,97.30021598272137,-138,2819,
3.533333333333333,485955025,,,,"[321.8, 321.8, 402.8, 327.2]"
3.533333333333333,485955025,97.30021598272137,-138,2819,
3.533333333333333,485955025,,,,"[321.8, 321.8, 402.8, 327.2]"
3.6166666666666667,485955029,98.16414686825053,-573,2770,
3.6166666666666667,485955029,,,,"[316.4, 318.2, 402.8, 327.2]"
3.6166666666666667,485955029,99.02807775377968,-750,2753,
3.6166666666666667,485955029,98.16414686825053,-573,2770,
3.6166666666666667,485955029,,,,"[316.4, 318.2, 402.8, 327.2]"
3.6166666666666667,485955029,99.02807775377968,-750,2753,
3.683333333333333,485955033,,,,"[314.6, 316.4, 395.6, 329.0]"
3.683333333333333,485955033,,,,"[321.8, 318.2, 404.6, 327.2]"
3.683333333333333,485955033,103.40172786177106,-452,2730,
3.7,485955036,104.26565874730022,-537,2718,
3.7,485955036,,,,"[318.2, 318.2, 402.8, 327.2]"
3.7,485955036,104.26565874730022,-537,2718,
3.7,485955036,,,,"[318.2, 318.2, 402.8, 327.2]"
3.783333333333333,485955039,103.40172786177106,-497,2693,
3.783333333333333,485955039,,,,"[316.4, 314.6, 397.4, 325.4]"
3.783333333333333,485955039,103.40172786177106,-597,2676,
3.783333333333333,485955039,103.40172786177106,-497,2693,
3.783333333333333,485955039,,,,"[316.4, 314.6, 397.4, 325.4]"
3.783333333333333,485955039,103.40172786177106,-597,2676,
3.8333333333333335,485955043,,,,"[312.8, 311.0, 397.4, 329.0]"
3.8333333333333335,485955043,103.40172786177106,-811,2632,
3.8333333333333335,485955043,,,,"[309.2, 309.2, 395.6, 321.8]"
3.8833333333333333,485955046,105.12958963282938,-898,2612,
3.8833333333333333,485955046,,,,"[316.4, 311.0, 399.2, 327.2]"
3.8833333333333333,485955046,105.12958963282938,-895,2596,
3.8833333333333333,485955046,,,,"[316.4, 311.0, 399.2, 327.2]"
3.8833333333333333,485955046,105.12958963282938,-895,2596,
3.95,485955049,103.40172786177106,-647,2557,
3.95,485955049,,,,"[303.8, 302.0, 383.0, 318.2]"
3.95,485955049,103.40172786177106,-647,2557,
3.95,485955049,,,,"[303.8, 302.0, 383.0, 318.2]"
4.016666666666667,485955054,100.755939524838,-706,2523,
4.016666666666667,485955054,100.755939524838,-707,2511,
4.016666666666667,485955054,100.755939524838,-706,2523,
4.016666666666667,485955054,100.755939524838,-707,2511,
4.083333333333333,485955058,99.02807775377968,-532,2495,
4.083333333333333,485955058,,,,"[303.8, 300.2, 383.0, 311.0]"
4.083333333333333,485955058,98.16414686825053,-532,2482,
4.083333333333333,485955058,99.02807775377968,-532,2495,
4.083333333333333,485955058,,,,"[303.8, 300.2, 383.0, 311.0]"
4.083333333333333,485955058,98.16414686825053,-532,2482,
4.15,485955061,,,,"[300.2, 298.4, 379.4, 312.8]"
4.15,485955061,99.89200863930884,-530,2453,
4.15,485955061,,,,"[300.2, 298.4, 379.4, 312.8]"
4.15,485955061,99.89200863930884,-530,2453,
4.233333333333333,485955065,97.30021598272137,-542,2424,
4.233333333333333,485955065,,,,"[298.4, 300.2, 374.0, 309.2]"
4.233333333333333,485955065,,,,"[289.4, 296.6, 368.6, 307.4]"
4.233333333333333,485955065,96.43628509719221,-527,2414,
4.233333333333333,485955072,95.57235421166305,-486,2407,
4.233333333333333,485955072,,,,"[287.6, 289.4, 368.6, 303.8]"
4.233333333333333,485955072,95.57235421166305,-486,2407,
4.233333333333333,485955072,,,,"[287.6, 289.4, 368.6, 303.8]"
4.3,485955075,,,,"[291.2, 287.6, 370.4, 307.4]"
4.3,485955075,95.57235421166305,-529,2382,
4.3,485955075,,,,"[291.2, 287.6, 370.4, 298.4]"
4.3,485955075,,,,"[291.2, 287.6, 370.4, 307.4]"
4.3,485955075,95.57235421166305,-529,2382,
4.3,485955075,,,,"[291.2, 287.6, 370.4, 298.4]"
4.383333333333334,485955079,95.57235421166305,-503,2350,
4.383333333333334,485955079,,,,"[284.0, 284.0, 365.0, 296.6]"
4.383333333333334,485955079,94.7084233261339,-521,2339,
4.383333333333334,485955079,,,,"[287.6, 287.6, 366.8, 303.8]"
4.4,485955081,93.84449244060474,-533,2331,
4.4,485955081,,,,"[285.8, 285.8, 365.0, 300.2]"
4.4,485955081,93.84449244060474,-533,2331,
4.4,485955081,,,,"[285.8, 285.8, 365.0, 300.2]"
4.483333333333333,485955086,93.84449244060474,-539,2301,
4.483333333333333,485955086,93.84449244060474,-564,2291,
4.483333333333333,485955086,,,,"[280.4, 282.2, 361.4, 298.4]"
4.483333333333333,485955086,93.84449244060474,-539,2301,
4.483333333333333,485955086,93.84449244060474,-564,2291,
4.483333333333333,485955086,,,,"[280.4, 282.2, 361.4, 298.4]"
4.55,485955090,,,,"[275.0, 278.6, 359.6, 293.0]"
4.55,485955090,94.7084233261339,-611,2254,
4.55,485955090,,,,"[284.0, 280.4, 361.4, 296.6]"
4.583333333333333,485955092,94.7084233261339,-598,2244,
4.583333333333333,485955092,,,,"[280.4, 280.4, 357.8, 293.0]"
4.583333333333333,485955092,93.84449244060474,-705,2228,
4.583333333333333,485955092,,,,"[275.0, 276.8, 356.0, 294.8]"
4.583333333333333,485955092,,,,"[280.4, 280.4, 357.8, 293.0]"
4.583333333333333,485955092,93.84449244060474,-705,2228,
4.583333333333333,485955092,,,,"[275.0, 276.8, 356.0, 294.8]"
4.666666666666667,485955096,,,,"[273.2, 280.4, 354.2, 294.8]"
4.666666666666667,485955096,94.7084233261339,-628,2195,
4.666666666666667,485955096,94.7084233261339,-599,2186,
4.666666666666667,485955096,94.7084233261339,-628,2195,
4.666666666666667,485955096,94.7084233261339,-599,2186,
4.733333333333333,485955100,92.92656587473002,-632,2163,
4.733333333333333,485955100,,,,"[276.8, 276.8, 354.2, 293.0]"
4.733333333333333,485955100,93.84449244060474,-506,2155,
4.733333333333333,485955100,,,,"[271.4, 275.0, 350.6, 285.8]"
4.766666666666667,485955102,95.57235421166305,-549,2144,
4.766666666666667,485955102,,,,"[273.2, 273.2, 348.8, 287.6]"
4.766666666666667,485955102,95.57235421166305,-458,2135,
4.766666666666667,485955102,95.57235421166305,-549,2144,
4.766666666666667,485955102,,,,"[273.2, 273.2, 348.8, 287.6]"
4.766666666666667,485955102,95.57235421166305,-458,2135,
4.8,485955106,97.30021598272137,-113,2137,
4.8,485955106,,,,"[271.4, 269.6, 339.8, 284.0]"
4.8,485955106,97.30021598272137,-113,2137,
4.8,485955106,,,,"[271.4, 269.6, 339.8, 284.0]"
4.883333333333334,485955110,97.30021598272137,189,2155,
4.883333333333334,485955110,99.02807775377968,216,2161,
4.883333333333334,485955110,,,,"[269.6, 271.4, 348.8, 280.4]"
4.883333333333334,485955110,97.30021598272137,189,2155,
4.883333333333334,485955110,99.02807775377968,216,2161,
4.883333333333334,485955110,,,,"[269.6, 271.4, 348.8, 280.4]"
4.95,485955114,,,,"[267.8, 271.4, 348.8, 282.2]"
4.95,485955114,97.30021598272137,683,2198,
4.95,485955114,,,,"[273.2, 273.2, 348.8, 285.8]"
4.95,485955114,,,,"[267.8, 271.4, 348.8, 282.2]"
4.95,485955114,97.30021598272137,683,2198,
4.95,485955114,,,,"[273.2, 273.2, 348.8, 285.8]"
5.016666666666667,485955119,95.57235421166305,907,2251,
5.016666666666667,485955119,,,,"[273.2, 275.0, 348.8, 287.6]"
5.016666666666667,485955119,,,,"[269.6, 273.2, 341.6, 282.2]"
5.016666666666667,485955119,95.57235421166305,907,2251,
5.016666666666667,485955119,,,,"[273.2, 275.0, 348.8, 287.6]"
5.016666666666667,485955119,,,,"[269.6, 273.2, 341.6, 282.2]"
5.1,485955123,92.06263498920086,363,2265,
5.1,485955123,,,,"[269.6, 275.0, 347.0, 287.6]"
5.1,485955123,91.1987041036717,232,2269,
5.1,485955123,,,,"[266.0, 271.4, 345.2, 282.2]"
5.1,485955123,,,,"[269.6, 275.0, 347.0, 287.6]"
5.1,485955123,91.1987041036717,232,2269,
5.1,485955123,,,,"[266.0, 271.4, 345.2, 282.2]"
5.166666666666667,485955126,,,,"[271.4, 271.4, 345.2, 282.2]"
5.166666666666667,485955126,89.47084233261339,153,2277,
5.166666666666667,485955126,,,,"[271.4, 269.6, 345.2, 285.8]"
5.166666666666667,485955126,88.60691144708423,116,2277,
5.166666666666667,485955126,89.47084233261339,153,2277,
5.166666666666667,485955126,,,,"[271.4, 269.6, 345.2, 285.8]"
5.166666666666667,485955126,88.60691144708423,116,2277,
5.233333333333333,485955131,,,,"[267.8, 269.6, 343.4, 284.0]"
5.233333333333333,485955131,89.47084233261339,134,2285,
5.233333333333333,485955131,,,,"[267.8, 269.6, 339.8, 280.4]"
5.283333333333333,485955137,88.60691144708423,145,2287,
5.283333333333333,485955137,,,,"[267.8, 275.0, 343.4, 285.8]"
5.283333333333333,485955137,88.60691144708423,169,2292,
5.283333333333333,485955137,88.60691144708423,145,2287,
5.283333333333333,485955137,,,,"[267.8, 275.0, 343.4, 285.8]"
5.283333333333333,485955137,88.60691144708423,169,2292,
5.333333333333333,485955141,89.47084233261339,356,2307,
5.333333333333333,485955141,,,,"[271.4, 271.4, 343.4, 284.0]"
5.333333333333333,485955141,90.33477321814254,406,2315,
5.333333333333333,485955141,89.47084233261339,356,2307,
5.333333333333333,485955141,,,,"[271.4, 271.4, 343.4, 284.0]"
5.333333333333333,485955141,90.33477321814254,406,2315,
5.4,485955145,92.06263498920086,598,2341,
5.4,485955145,,,,"[267.8, 267.8, 343.4, 278.6]"
5.4,485955145,91.1987041036717,659,2355,
5.4,485955145,,,,"[262.4, 271.4, 341.6, 284.0]"
5.433333333333334,485955147,90.33477321814254,853,2377,
5.433333333333334,485955147,,,,"[273.2, 275.0, 343.4, 284.0]"
5.433333333333334,485955147,90.33477321814254,995,2400,
5.433333333333334,485955147,90.33477321814254,853,2377,
5.433333333333334,485955147,,,,"[273.2, 275.0, 343.4, 284.0]"
5.433333333333334,485955147,90.33477321814254,995,2400,
5.5,485955151,,,,"[271.4, 276.8, 343.4, 285.8]"
5.5,485955151,87.74298056155507,1085,2458,
5.5,485955151,,,,"[275.0, 276.8, 345.2, 282.2]"
5.5,485955151,,,,"[271.4, 276.8, 343.4, 285.8]"
5.5,485955151,87.74298056155507,1085,2458,
5.5,485955151,,,,"[275.0, 276.8, 345.2, 282.2]"
5.583333333333333,485955155,85.1511879049676,1104,2524,
5.583333333333333,485955155,,,,"[282.2, 280.4, 356.0, 293.0]"
5.583333333333333,485955155,85.1511879049676,1240,2551,
5.583333333333333,485955155,85.1511879049676,1104,2524,
5.583333333333333,485955155,,,,"[282.2, 280.4, 356.0, 293.0]"
5.583333333333333,485955155,85.1511879049676,1240,2551,
5.65,485955160,,,,"[280.4, 276.8, 350.6, 285.8]"
5.65,485955160,84.28725701943844,1163,2613,
5.65,485955160,,,,"[276.8, 278.6, 350.6, 285.8]"
5.65,485955160,,,,"[280.4, 276.8, 350.6, 285.8]"
5.65,485955160,84.28725701943844,1163,2613,
5.65,485955160,,,,"[276.8, 278.6, 350.6, 285.8]"
5.7,485955164,,,,"[282.2, 282.2, 348.8, 293.0]"
5.7,485955164,82.50539956803456,1058,2669,
5.7,485955164,,,,"[278.6, 284.0, 352.4, 293.0]"
5.75,485955166,83.36933045356372,1005,2689,
5.75,485955166,84.28725701943844,970,2705,
5.75,485955166,,,,"[282.2, 282.2, 352.4, 294.8]"
5.75,485955166,84.28725701943844,970,2705,
5.75,485955166,,,,"[282.2, 282.2, 352.4, 294.8]"
5.833333333333333,485955170,84.28725701943844,786,2750,
5.833333333333333,485955170,,,,"[282.2, 282.2, 354.2, 287.6]"
5.833333333333333,485955170,85.1511879049676,674,2758,
5.833333333333333,485955170,84.28725701943844,786,2750,
5.833333333333333,485955170,,,,"[282.2, 282.2, 354.2, 287.6]"
5.833333333333333,485955170,85.1511879049676,674,2758,
5.883333333333334,485955174,86.87904967602591,611,2783,
5.883333333333334,485955174,,,,"[291.2, 284.0, 357.8, 291.2]"
5.883333333333334,485955174,88.60691144708423,624,2793,
5.883333333333334,485955174,,,,"[296.6, 293.0, 363.2, 302.0]"
5.933333333333334,485955176,88.60691144708423,569,2804,
5.933333333333334,485955176,,,,"[289.4, 289.4, 359.6, 293.0]"
5.933333333333334,485955176,88.60691144708423,663,2812,
5.933333333333334,485955176,88.60691144708423,569,2804,
5.933333333333334,485955176,,,,"[289.4, 289.4, 359.6, 293.0]"
5.933333333333334,485955176,88.60691144708423,663,2812,
5.983333333333333,485955180,,,,"[289.4, 289.4, 359.6, 293.0]"
5.983333333333333,485955180,88.60691144708423,937,2863,
5.983333333333333,485955180,,,,"[296.6, 294.8, 363.2, 298.4]"
5.983333333333333,485955180,,,,"[289.4, 289.4, 359.6, 293.0]"
5.983333333333333,485955180,88.60691144708423,937,2863,
5.983333333333333,485955180,,,,"[296.6, 294.8, 363.2, 298.4]"
6.05,485955184,86.87904967602591,1043,2924,
6.05,485955184,,,,"[291.2, 293.0, 359.6, 298.4]"
6.05,485955184,,,,"[284.0, 291.2, 359.6, 296.6]"
6.05,485955184,86.87904967602591,1043,2924,
6.05,485955184,,,,"[291.2, 293.0, 359.6, 298.4]"
6.133333333333334,485955189,84.28725701943844,1137,2995,
6.133333333333334,485955189,,,,"[294.8, 294.8, 363.2, 302.0]"
6.133333333333334,485955189,84.28725701943844,1109,3016,
6.133333333333334,485955189,,,,"[296.6, 296.6, 368.6, 296.6]"
6.133333333333334,485955189,84.28725701943844,1137,2995,
6.133333333333334,485955189,,,,"[294.8, 294.8, 363.2, 302.0]"
6.133333333333334,485955189,84.28725701943844,1109,3016,
6.133333333333334,485955189,,,,"[296.6, 296.6, 368.6, 296.6]"
6.183333333333334,485955193,,,,"[294.8, 296.6, 366.8, 298.4]"
6.183333333333334,485955193,82.50539956803456,987,3072,
6.183333333333334,485955193,,,,"[298.4, 296.6, 370.4, 303.8]"
6.233333333333333,485955194,81.6414686825054,945,3088,
6.233333333333333,485955194,81.6414686825054,883,3107,
6.233333333333333,485955194,,,,"[294.8, 293.0, 366.8, 294.8]"
6.233333333333333,485955194,81.6414686825054,945,3088,
6.233333333333333,485955194,81.6414686825054,883,3107,
6.233333333333333,485955194,,,,"[294.8, 293.0, 366.8, 294.8]"
6.283333333333333,485955203,,,,"[291.2, 296.6, 366.8, 296.6]"
6.283333333333333,485955203,83.36933045356372,923,3156,
6.283333333333333,485955203,,,,"[302.0, 298.4, 372.2, 303.8]"
6.283333333333333,485955203,83.36933045356372,923,3156,
6.283333333333333,485955203,,,,"[302.0, 298.4, 372.2, 303.8]"
6.366666666666666,485955207,,,,"[302.0, 300.2, 374.0, 307.4]"
6.366666666666666,485955207,83.36933045356372,836,3221,
6.366666666666666,485955207,,,,"[298.4, 302.0, 374.0, 302.0]"
6.4,485955209,83.36933045356372,874,3239,
6.4,485955209,,,,"[303.8, 300.2, 377.6, 305.6]"
6.4,485955209,84.28725701943844,865,3253,
6.4,485955209,83.36933045356372,874,3239,
6.4,485955209,,,,"[303.8, 300.2, 377.6, 305.6]"
6.4,485955209,84.28725701943844,865,3253,
6.466666666666667,485955213,86.01511879049676,838,3305,
6.466666666666667,485955213,,,,"[298.4, 302.0, 368.6, 305.6]"
6.466666666666667,485955213,86.01511879049676,838,3305,
6.466666666666667,485955213,,,,"[298.4, 302.0, 368.6, 305.6]"
6.55,485955217,86.01511879049676,860,3356,
6.55,485955217,,,,"[305.6, 303.8, 381.2, 303.8]"
6.55,485955217,86.87904967602591,877,3375,
6.566666666666666,485955219,,,,"[305.6, 305.6, 381.2, 312.8]"
6.566666666666666,485955219,86.87904967602591,899,3394,
6.566666666666666,485955219,,,,"[305.6, 305.6, 381.2, 312.8]"
6.566666666666666,485955219,86.87904967602591,899,3394,
6.65,485955223,,,,"[303.8, 307.4, 379.4, 311.0]"
6.65,485955223,86.01511879049676,1036,3453,
6.65,485955223,85.1511879049676,1084,3474,
6.65,485955223,,,,"[303.8, 307.4, 379.4, 311.0]"
6.65,485955223,86.01511879049676,1036,3453,
6.65,485955223,85.1511879049676,1084,3474,
6.716666666666667,485955228,,,,"[307.4, 309.2, 384.8, 307.4]"
6.716666666666667,485955228,83.36933045356372,1051,3538,
6.716666666666667,485955228,,,,"[311.0, 309.2, 390.2, 318.2]"
6.75,485955229,83.36933045356372,1012,3559,
6.75,485955229,,,,"[307.4, 309.2, 384.8, 309.2]"
6.75,485955229,83.36933045356372,1081,3578,
6.75,485955229,83.36933045356372,1012,3559,
6.75,485955229,,,,"[307.4, 309.2, 384.8, 309.2]"
6.75,485955229,83.36933045356372,1081,3578,
6.816666666666666,485955233,84.28725701943844,831,3623,
6.816666666666666,485955233,,,,"[305.6, 312.8, 388.4, 311.0]"
6.816666666666666,485955233,84.28725701943844,831,3623,
6.816666666666666,485955233,,,,"[305.6, 312.8, 388.4, 311.0]"
6.9,485955238,85.1511879049676,702,3666,
6.9,485955238,,,,"[316.4, 314.6, 393.8, 320.0]"
6.9,485955238,86.01511879049676,704,3681,
6.916666666666667,485955240,,,,"[309.2, 318.2, 390.2, 312.8]"
6.916666666666667,485955240,86.87904967602591,682,3695,
6.916666666666667,485955240,,,,"[309.2, 318.2, 390.2, 312.8]"
6.916666666666667,485955240,86.87904967602591,682,3695,
6.983333333333333,485955244,,,,"[312.8, 312.8, 393.8, 318.2]"
6.983333333333333,485955244,88.60691144708423,811,3743,
6.983333333333333,485955244,,,,"[312.8, 312.8, 393.8, 318.2]"
6.983333333333333,485955244,88.60691144708423,811,3743,
7.066666666666666,485955248,87.74298056155507,889,3795,
7.066666666666666,485955248,,,,"[305.6, 312.8, 386.6, 312.8]"
7.066666666666666,485955248,87.74298056155507,998,3816,
7.066666666666666,485955248,,,,"[309.2, 318.2, 397.4, 318.2]"
7.1,485955250,86.87904967602591,998,3836,
7.1,485955250,,,,"[311.0, 311.0, 390.2, 312.8]"
7.1,485955250,86.01511879049676,1096,3863,
7.1,485955250,86.87904967602591,998,3836,
7.1,485955250,,,,"[311.0, 311.0, 390.2, 312.8]"
7.1,485955250,86.01511879049676,1096,3863,
7.15,485955254,85.1511879049676,1107,3901,
7.15,485955254,84.28725701943844,1021,3916,
7.15,485955254,,,,"[312.8, 312.8, 395.6, 309.2]"
7.15,485955254,85.1511879049676,1107,3901,
7.15,485955254,84.28725701943844,1021,3916,
7.15,485955254,,,,"[312.8, 312.8, 395.6, 309.2]"
7.15,485955258,84.28725701943844,883,3970,
7.15,485955258,,,,"[316.4, 314.6, 402.8, 320.0]"
7.266666666666667,485955264,84.28725701943844,830,3985,
7.266666666666667,485955264,,,,"[318.2, 316.4, 393.8, 320.0]"
7.266666666666667,485955264,85.1511879049676,790,4001,
7.266666666666667,485955264,,,,"[318.2, 316.4, 393.8, 320.0]"
7.266666666666667,485955264,85.1511879049676,790,4001,
7.316666666666666,485955268,,,,"[312.8, 320.0, 399.2, 321.8]"
7.316666666666666,485955268,86.87904967602591,707,4044,
7.316666666666666,485955268,,,,"[318.2, 316.4, 401.0, 321.8]"
7.316666666666666,485955268,,,,"[312.8, 320.0, 399.2, 321.8]"
7.316666666666666,485955268,86.87904967602591,707,4044,
7.316666666666666,485955268,,,,"[318.2, 316.4, 401.0, 321.8]"
7.4,485955273,86.01511879049676,794,4092,
7.4,485955273,,,,"[318.2, 314.6, 401.0, 321.8]"
7.4,485955273,86.01511879049676,868,4113,
7.433333333333334,485955275,,,,"[314.6, 312.8, 401.0, 316.4]"
7.433333333333334,485955275,86.01511879049676,982,4135,
7.433333333333334,485955275,,,,"[314.6, 316.4, 397.4, 318.2]"
7.433333333333334,485955275,,,,"[314.6, 312.8, 401.0, 316.4]"
7.433333333333334,485955275,86.01511879049676,982,4135,
7.433333333333334,485955275,,,,"[314.6, 316.4, 397.4, 318.2]"
7.483333333333333,485955279,,,,"[312.8, 320.0, 402.8, 323.6]"
7.483333333333333,485955279,83.36933045356372,1042,4200,
7.483333333333333,485955279,,,,"[316.4, 316.4, 397.4, 318.2]"
7.483333333333333,485955279,,,,"[312.8, 320.0, 402.8, 323.6]"
7.483333333333333,485955279,83.36933045356372,1042,4200,
7.483333333333333,485955279,,,,"[316.4, 316.4, 397.4, 318.2]"
7.566666666666666,485955283,82.50539956803456,900,4256,
7.566666666666666,485955283,,,,"[316.4, 320.0, 397.4, 321.8]"
7.566666666666666,485955283,82.50539956803456,846,4271,
7.566666666666666,485955283,,,,"[316.4, 320.0, 397.4, 321.8]"
7.566666666666666,485955283,82.50539956803456,846,4271,
7.633333333333334,485955287,,,,"[318.2, 318.2, 408.2, 325.4]"
7.633333333333334,485955287,83.36933045356372,725,4315,
7.633333333333334,485955287,,,,"[318.2, 318.2, 408.2, 325.4]"
7.633333333333334,485955287,83.36933045356372,725,4315,
7.716666666666667,485955291,85.1511879049676,705,4360,
7.716666666666667,485955291,,,,"[325.4, 320.0, 410.0, 330.8]"
7.716666666666667,485955291,85.1511879049676,722,4375,
7.733333333333333,485955293,,,,"[321.8, 318.2, 406.4, 320.0]"
7.733333333333333,485955293,86.01511879049676,706,4389,
7.733333333333333,485955293,,,,"[321.8, 318.2, 406.4, 320.0]"
7.733333333333333,485955293,86.01511879049676,706,4389,
7.8,485955297,86.87904967602591,719,4437,
7.8,485955297,,,,"[327.2, 320.0, 411.8, 330.8]"
7.8,485955297,86.01511879049676,730,4422,
7.8,485955297,86.87904967602591,719,4437,
7.8,485955297,,,,"[327.2, 320.0, 411.8, 330.8]"
7.883333333333334,485955301,86.87904967602591,807,4487,
7.883333333333334,485955301,,,,"[320.0, 321.8, 404.6, 325.4]"
7.883333333333334,485955301,86.87904967602591,798,4503,
7.9,485955303,,,,"[312.8, 316.4, 404.6, 325.4]"
7.9,485955303,86.01511879049676,864,4524,
7.9,485955303,,,,"[318.2, 320.0, 404.6, 325.4]"
7.9,485955303,,,,"[312.8, 316.4, 404.6, 325.4]"
7.9,485955303,86.01511879049676,864,4524,
7.9,485955303,,,,"[318.2, 320.0, 404.6, 325.4]"
7.983333333333333,485955308,85.1511879049676,960,4574,
7.983333333333333,485955308,,,,"[321.8, 316.4, 408.2, 327.2]"
7.983333333333333,485955308,85.1511879049676,968,4597,
7.983333333333333,485955308,85.1511879049676,960,4574,
7.983333333333333,485955308,,,,"[321.8, 316.4, 408.2, 327.2]"
7.983333333333333,485955308,85.1511879049676,968,4597,
8.05,485955312,,,,"[325.4, 318.2, 410.0, 323.6]"
8.05,485955312,85.1511879049676,906,4653,
8.05,485955312,,,,"[316.4, 318.2, 406.4, 327.2]"
8.083333333333334,485955313,85.1511879049676,891,4671,
8.083333333333334,485955313,,,,"[321.8, 320.0, 406.4, 327.2]"
8.083333333333334,485955313,85.1511879049676,862,4688,
8.083333333333334,485955313,85.1511879049676,891,4671,
8.083333333333334,485955313,,,,"[321.8, 320.0, 406.4, 327.2]"
8.083333333333334,485955313,85.1511879049676,862,4688,
8.15,485955318,86.87904967602591,800,4721,
8.15,485955318,,,,"[320.0, 320.0, 406.4, 327.2]"
8.15,485955318,86.01511879049676,793,4733,
8.15,485955318,,,,"[318.2, 316.4, 408.2, 332.6]"
8.15,485955318,86.87904967602591,800,4721,
8.15,485955318,,,,"[320.0, 320.0, 406.4, 327.2]"
8.15,485955318,86.01511879049676,793,4733,
8.15,485955318,,,,"[318.2, 316.4, 408.2, 332.6]"
8.2,485955322,,,,"[325.4, 320.0, 410.0, 325.4]"
8.2,485955322,86.87904967602591,767,4775,
8.2,485955322,,,,"[325.4, 320.0, 410.0, 325.4]"
8.2,485955322,86.87904967602591,767,4775,
8.266666666666667,485955330,,,,"[323.6, 318.2, 411.8, 329.0]"
8.266666666666667,485955330,87.74298056155507,926,4844,
8.266666666666667,485955330,,,,"[318.2, 316.4, 408.2, 323.6]"
8.266666666666667,485955330,,,,"[323.6, 318.2, 411.8, 329.0]"
8.266666666666667,485955330,87.74298056155507,926,4844,
8.266666666666667,485955330,,,,"[318.2, 316.4, 408.2, 323.6]"
8.35,485955334,87.74298056155507,1003,4899,
8.35,485955334,,,,"[323.6, 318.2, 406.4, 329.0]"
8.35,485955334,86.87904967602591,1073,4919,
8.35,485955334,,,,"[318.2, 316.4, 410.0, 323.6]"
8.383333333333333,485955335,86.87904967602591,1065,4940,
8.383333333333333,485955335,,,,"[323.6, 320.0, 404.6, 325.4]"
8.383333333333333,485955335,85.1511879049676,1039,4960,
8.383333333333333,485955335,86.87904967602591,1065,4940,
8.383333333333333,485955335,,,,"[323.6, 320.0, 404.6, 325.4]"
8.383333333333333,485955335,85.1511879049676,1039,4960,
8.45,485955339,85.1511879049676,1005,5006,
8.45,485955339,,,,"[318.2, 318.2, 408.2, 323.6]"
8.45,485955339,86.01511879049676,909,5024,
8.45,485955339,85.1511879049676,1005,5006,
8.45,485955339,,,,"[318.2, 318.2, 408.2, 323.6]"
8.45,485955339,86.01511879049676,909,5024,
8.516666666666667,485955344,86.87904967602591,768,5056,
8.516666666666667,485955344,,,,"[318.2, 318.2, 408.2, 323.6]"
8.516666666666667,485955344,86.87904967602591,711,5067,
8.55,485955346,86.87904967602591,708,5082,
8.55,485955346,,,,"[321.8, 318.2, 404.6, 329.0]"
8.55,485955346,87.74298056155507,723,5099,
8.55,485955346,,,,"[314.6, 314.6, 406.4, 325.4]"
8.55,485955346,86.87904967602591,708,5082,
8.55,485955346,,,,"[321.8, 318.2, 404.6, 329.0]"
8.55,485955346,87.74298056155507,723,5099,
8.55,485955346,,,,"[314.6, 314.6, 406.4, 325.4]"
8.616666666666667,485955350,,,,"[323.6, 320.0, 415.4, 325.4]"
8.616666666666667,485955350,89.47084233261339,773,5148,
8.616666666666667,485955350,,,,"[323.6, 320.0, 415.4, 325.4]"
8.616666666666667,485955350,89.47084233261339,773,5148,
8.7,485955354,91.1987041036717,243,5160,
8.7,485955354,,,,"[325.4, 316.4, 415.4, 329.0]"
8.7,485955354,92.92656587473002,146,5161,
8.716666666666667,485955356,,,,"[321.8, 320.0, 404.6, 325.4]"
8.716666666666667,485955356,94.7084233261339,-45,5154,
8.716666666666667,485955356,,,,"[314.6, 316.4, 408.2, 323.6]"
8.716666666666667,485955356,,,,"[321.8, 320.0, 404.6, 325.4]"
8.716666666666667,485955356,94.7084233261339,-45,5154,
8.716666666666667,485955356,,,,"[314.6, 316.4, 408.2, 323.6]"
8.783333333333333,485955360,,,,"[316.4, 316.4, 408.2, 329.0]"
8.783333333333333,485955360,100.755939524838,-390,5121,
8.783333333333333,485955360,99.02807775377968,-341,5131,
8.783333333333333,485955360,,,,"[316.4, 316.4, 408.2, 329.0]"
8.783333333333333,485955360,100.755939524838,-390,5121,
8.85,485955364,,,,"[321.8, 311.0, 404.6, 329.0]"
8.85,485955364,104.26565874730022,-266,5104,
8.85,485955364,,,,"[316.4, 316.4, 408.2, 321.8]"
8.9,485955366,104.26565874730022,-106,5107,
8.9,485955366,104.26565874730022,-52,5105,
8.9,485955366,,,,"[318.2, 307.4, 404.6, 323.6]"
8.9,485955366,104.26565874730022,-106,5107,
8.9,485955366,104.26565874730022,-52,5105,
8.9,485955366,,,,"[318.2, 307.4, 404.6, 323.6]"
8.95,485955371,,,,"[320.0, 312.8, 406.4, 321.8]"
8.95,485955371,105.12958963282938,158,5119,
8.95,485955371,,,,"[318.2, 312.8, 406.4, 320.0]"
8.95,485955371,,,,"[320.0, 312.8, 406.4, 321.8]"
8.95,485955371,105.12958963282938,158,5119,
8.95,485955371,,,,"[318.2, 312.8, 406.4, 320.0]"
9.033333333333333,485955375,105.99352051835854,-6,5117,
9.033333333333333,485955375,,,,"[320.0, 311.0, 408.2, 320.0]"
9.033333333333333,485955375,106.8574514038877,-49,5114,
9.066666666666666,485955377,,,,"[323.6, 312.8, 408.2, 325.4]"
9.066666666666666,485955377,106.8574514038877,-181,5107,
9.066666666666666,485955377,,,,"[312.8, 307.4, 401.0, 318.2]"
9.066666666666666,485955377,107.72138228941685,-267,5100,
9.066666666666666,485955377,106.8574514038877,-181,5107,
9.066666666666666,485955377,,,,"[312.8, 307.4, 401.0, 318.2]"
9.066666666666666,485955377,107.72138228941685,-267,5100,
9.133333333333333,485955381,,,,"[314.6, 309.2, 399.2, 320.0]"
9.133333333333333,485955381,110.31317494600432,-363,5076,
9.133333333333333,485955381,,,,"[312.8, 311.0, 402.8, 323.6]"
9.133333333333333,485955381,,,,"[314.6, 309.2, 399.2, 320.0]"
9.133333333333333,485955381,110.31317494600432,-363,5076,
9.133333333333333,485955381,,,,"[312.8, 311.0, 402.8, 323.6]"
9.2,485955385,,,,"[312.8, 307.4, 399.2, 320.0]"
9.2,485955385,112.0950323974082,-277,5058,
9.2,485955385,,,,"[314.6, 305.6, 404.6, 321.8]"
9.2,485955385,112.0950323974082,-277,5058,
9.2,485955385,,,,"[314.6, 305.6, 404.6, 321.8]"
9.283333333333333,485955393,110.31317494600432,2,5059,
9.283333333333333,485955393,,,,"[314.6, 303.8, 395.6, 314.6]"
9.283333333333333,485955393,110.31317494600432,76,5064,
9.283333333333333,485955393,110.31317494600432,2,5059,
9.283333333333333,485955393,,,,"[314.6, 303.8, 395.6, 314.6]"
9.283333333333333,485955393,110.31317494600432,76,5064,
9.333333333333334,485955397,,,,"[312.8, 307.4, 397.4, 314.6]"
9.333333333333334,485955397,,,,"[311.0, 303.8, 399.2, 320.0]"
9.333333333333334,485955397,109.44924406047517,40,5068,
9.383333333333333,485955399,109.44924406047517,-112,5062,
9.383333333333333,485955399,,,,"[307.4, 300.2, 392.0, 318.2]"
9.383333333333333,485955399,109.44924406047517,-117,5059,
9.383333333333333,485955399,109.44924406047517,-112,5062,
9.383333333333333,485955399,,,,"[307.4, 300.2, 392.0, 318.2]"
9.383333333333333,485955399,109.44924406047517,-117,5059,
9.45,485955403,,,,"[303.8, 300.2, 393.8, 316.4]"
9.45,485955403,112.0950323974082,-280,5041,
9.45,485955403,,,,"[303.8, 300.2, 393.8, 316.4]"
9.45,485955403,112.0950323974082,-280,5041,
9.516666666666667,485955407,115.55075593952483,-270,5025,
9.516666666666667,485955407,,,,"[309.2, 298.4, 395.6, 318.2]"
9.516666666666667,485955407,116.41468682505399,-538,5006,
9.533333333333333,485955409,,,,"[307.4, 296.6, 392.0, 311.0]"
9.533333333333333,485955409,117.27861771058315,-537,4999,
9.533333333333333,485955409,,,,"[307.4, 293.0, 390.2, 314.6]"
9.533333333333333,485955409,,,,"[307.4, 296.6, 392.0, 311.0]"
9.533333333333333,485955409,117.27861771058315,-537,4999,
9.533333333333333,485955409,,,,"[307.4, 293.0, 390.2, 314.6]"
9.616666666666667,485955414,118.1425485961123,-490,4977,
9.616666666666667,485955414,,,,"[305.6, 294.8, 386.6, 314.6]"
9.616666666666667,485955414,119.00647948164146,-229,4979,
9.616666666666667,485955414,118.1425485961123,-490,4977,
9.616666666666667,485955414,,,,"[305.6, 294.8, 386.6, 314.6]"
9.616666666666667,485955414,119.00647948164146,-229,4979,
9.683333333333334,485955417,119.00647948164146,-96,4974,
9.683333333333334,485955417,,,,"[300.2, 294.8, 381.2, 309.2]"
9.716666666666667,485955420,118.1425485961123,-269,4965,
9.716666666666667,485955420,,,,"[298.4, 293.0, 384.8, 309.2]"
9.716666666666667,485955420,119.00647948164146,-158,4965,
9.716666666666667,485955420,118.1425485961123,-269,4965,
9.716666666666667,485955420,,,,"[298.4, 293.0, 384.8, 309.2]"
9.716666666666667,485955420,119.00647948164146,-158,4965,
9.783333333333333,485955424,119.87041036717062,-105,4957,
9.783333333333333,485955424,119.87041036717062,-226,4952,
9.783333333333333,485955424,,,,"[294.8, 287.6, 374.0, 305.6]"
9.783333333333333,485955424,119.87041036717062,-105,4957,
9.783333333333333,485955424,119.87041036717062,-226,4952,
9.783333333333333,485955424,,,,"[294.8, 287.6, 374.0, 305.6]"
9.833333333333334,485955428,122.51619870410366,-489,4919,
9.833333333333334,485955428,,,,"[298.4, 293.0, 379.4, 303.8]"
9.833333333333334,485955428,122.51619870410366,-489,4919,
9.833333333333334,485955428,,,,"[298.4, 293.0, 379.4, 303.8]"
9.916666666666666,485955431,125.97192224622029,-427,4890,
9.916666666666666,485955431,,,,"[289.4, 289.4, 374.0, 300.2]"
9.916666666666666,485955431,126.83585313174945,-415,4882,
9.916666666666666,485955431,125.97192224622029,-427,4890,
9.916666666666666,485955431,,,,"[289.4, 289.4, 374.0, 300.2]"
9.916666666666666,485955431,126.83585313174945,-415,4882,
9.983333333333333,485955436,,,,"[287.6, 285.8, 368.6, 298.4]"
9.983333333333333,485955436,129.42764578833692,-429,4863,
9.983333333333333,485955436,,,,"[291.2, 289.4, 368.6, 302.0]"
9.983333333333333,485955436,130.34557235421167,-495,4851,
9.983333333333333,485955436,,,,"[287.6, 285.8, 368.6, 298.4]"
9.983333333333333,485955436,129.42764578833692,-429,4863,
9.983333333333333,485955436,,,,"[291.2, 289.4, 368.6, 302.0]"
9.983333333333333,485955436,130.34557235421167,-495,4851,
10.05,485955440,,,,"[293.0, 291.2, 375.8, 302.0]"
10.05,485955440,132.07343412526998,-463,4817,
10.05,485955440,,,,"[293.0, 289.4, 368.6, 296.6]"
10.083333333333334,485955441,132.07343412526998,-531,4804,
10.083333333333334,485955441,,,,"[291.2, 285.8, 368.6, 296.6]"
10.083333333333334,485955441,132.93736501079914,-521,4793,
10.083333333333334,485955441,132.07343412526998,-531,4804,
10.083333333333334,485955441,,,,"[291.2, 285.8, 368.6, 296.6]"
10.083333333333334,485955441,132.93736501079914,-521,4793,
10.15,485955446,133.8012958963283,-540,4769,
10.15,485955446,,,,"[287.6, 282.2, 363.2, 298.4]"
10.15,485955446,133.8012958963283,-491,4759,
10.15,485955446,133.8012958963283,-540,4769,
10.15,485955446,,,,"[287.6, 282.2, 363.2, 298.4]"
10.15,485955446,133.8012958963283,-491,4759,
10.233333333333333,485955450,135.5291576673866,-520,4727,
10.233333333333333,485955450,,,,"[280.4, 282.2, 363.2, 296.6]"
10.233333333333333,485955450,135.5291576673866,-561,4714,
10.25,485955456,,,,"[289.4, 280.4, 357.8, 294.8]"
10.25,485955456,136.39308855291577,-563,4703,
10.25,485955456,,,,"[280.4, 282.2, 361.4, 293.0]"
10.25,485955456,,,,"[289.4, 280.4, 357.8, 294.8]"
10.25,485955456,136.39308855291577,-563,4703,
10.25,485955456,,,,"[280.4, 282.2, 361.4, 293.0]"
10.333333333333334,485955461,137.25701943844493,-558,4669,
10.333333333333334,485955461,,,,"[278.6, 276.8, 356.0, 289.4]"
10.333333333333334,485955461,137.25701943844493,-528,4660,
10.333333333333334,485955461,137.25701943844493,-558,4669,
10.333333333333334,485955461,,,,"[278.6, 276.8, 356.0, 289.4]"
10.333333333333334,485955461,137.25701943844493,-528,4660,
10.4,485955464,137.25701943844493,-526,4638,
10.4,485955464,138.98488120950324,-546,4626,
10.4,485955464,,,,"[278.6, 276.8, 354.2, 291.2]"
10.433333333333334,485955466,137.25701943844493,-615,4613,
10.433333333333334,485955466,,,,"[273.2, 275.0, 352.4, 287.6]"
10.433333333333334,485955466,137.25701943844493,-676,4596,
10.433333333333334,485955466,137.25701943844493,-615,4613,
10.433333333333334,485955466,,,,"[273.2, 275.0, 352.4, 287.6]"
10.433333333333334,485955466,137.25701943844493,-676,4596,
10.5,485955471,,,,"[278.6, 275.0, 356.0, 289.4]"
10.5,485955471,138.12095032397409,-798,4549,
10.5,485955471,,,,"[278.6, 275.0, 356.0, 289.4]"
10.5,485955471,138.12095032397409,-798,4549,
10.566666666666666,485955474,138.12095032397409,-809,4502,
10.566666666666666,485955474,,,,"[276.8, 273.2, 348.8, 289.4]"
10.566666666666666,485955474,138.12095032397409,-805,4485,
10.566666666666666,485955474,,,,"[271.4, 269.6, 350.6, 285.8]"
10.6,485955477,138.12095032397409,-726,4471,
10.6,485955477,,,,"[273.2, 269.6, 347.0, 285.8]"
10.6,485955477,138.12095032397409,-726,4471,
10.6,485955477,,,,"[273.2, 269.6, 347.0, 285.8]"
10.65,485955481,,,,"[275.0, 271.4, 348.8, 284.0]"
10.65,485955481,138.12095032397409,-598,4435,
10.65,485955481,,,,"[275.0, 269.6, 348.8, 284.0]"
10.65,485955481,,,,"[275.0, 271.4, 348.8, 284.0]"
10.65,485955481,138.12095032397409,-598,4435,
10.65,485955481,,,,"[275.0, 269.6, 348.8, 284.0]"
10.733333333333333,485955485,,,,"[269.6, 266.0, 343.4, 278.6]"
10.733333333333333,485955485,138.98488120950324,-819,4380,
10.733333333333333,485955485,,,,"[269.6, 267.8, 343.4, 284.0]"
10.733333333333333,485955485,138.98488120950324,-839,4364,
10.766666666666667,485955487,138.98488120950324,-905,4347,
10.766666666666667,485955487,,,,"[271.4, 267.8, 339.8, 284.0]"
10.766666666666667,485955487,138.98488120950324,-905,4347,
10.766666666666667,485955487,,,,"[271.4, 267.8, 339.8, 284.0]"
10.85,485955491,139.90280777537797,-738,4298,
10.85,485955491,,,,"[269.6, 266.0, 341.6, 275.0]"
10.85,485955491,138.98488120950324,-819,4282,
10.85,485955491,139.90280777537797,-738,4298,
10.85,485955491,,,,"[269.6, 266.0, 341.6, 275.0]"
10.85,485955491,138.98488120950324,-819,4282,
10.916666666666666,485955495,138.98488120950324,-692,4244,
10.916666666666666,485955495,,,,"[275.0, 267.8, 343.4, 284.0]"
10.916666666666666,485955495,138.98488120950324,-728,4231,
10.95,485955497,,,,"[271.4, 267.8, 343.4, 278.6]"
10.95,485955497,138.98488120950324,-599,4218,
10.95,485955497,,,,"[271.4, 267.8, 343.4, 278.6]"
10.95,485955497,138.98488120950324,-599,4218,
11.0,485955501,,,,"[269.6, 264.2, 343.4, 276.8]"
11.0,485955501,138.12095032397409,-639,4177,
11.0,485955501,,,,"[269.6, 264.2, 343.4, 276.8]"
11.0,485955501,138.12095032397409,-639,4177,
11.083333333333334,485955505,138.98488120950324,-711,4138,
11.083333333333334,485955505,,,,"[264.2, 266.0, 334.4, 273.2]"
11.083333333333334,485955505,138.98488120950324,-728,4123,
11.1,485955507,138.98488120950324,-775,4108,
11.1,485955507,,,,"[266.0, 260.6, 334.4, 275.0]"
11.1,485955507,138.98488120950324,-775,4108,
11.1,485955507,,,,"[266.0, 260.6, 334.4, 275.0]"
11.183333333333334,485955511,139.90280777537797,-800,4052,
11.183333333333334,485955511,,,,"[264.2, 262.4, 330.8, 273.2]"
11.183333333333334,485955511,139.90280777537797,-821,4032,
11.183333333333334,485955511,139.90280777537797,-800,4052,
11.183333333333334,485955511,,,,"[264.2, 262.4, 330.8, 273.2]"
11.183333333333334,485955511,139.90280777537797,-821,4032,
11.25,485955515,139.90280777537797,-847,4001,
11.25,485955515,,,,"[260.6, 258.8, 332.6, 273.2]"
11.25,485955515,140.76673866090712,-810,3985,
11.266666666666667,485955522,,,,"[266.0, 260.6, 336.2, 276.8]"
11.266666666666667,485955522,139.90280777537797,-843,3968,
11.266666666666667,485955522,,,,"[266.0, 260.6, 336.2, 276.8]"
11.266666666666667,485955522,139.90280777537797,-843,3968,
11.35,485955526,,,,"[258.8, 258.8, 329.0, 269.6]"
11.35,485955526,140.76673866090712,-799,3904,
11.35,485955526,,,,"[257.0, 257.0, 330.8, 269.6]"
11.383333333333333,485955528,140.76673866090712,-807,3886,
11.383333333333333,485955528,,,,"[258.8, 262.4, 332.6, 273.2]"
11.383333333333333,485955528,139.90280777537797,-771,3874,
11.383333333333333,485955528,140.76673866090712,-807,3886,
11.383333333333333,485955528,,,,"[258.8, 262.4, 332.6, 273.2]"
11.383333333333333,485955528,139.90280777537797,-771,3874,
11.45,485955532,,,,"[262.4, 257.0, 327.2, 271.4]"
11.45,485955532,140.76673866090712,-730,3829,
11.45,485955532,,,,"[262.4, 257.0, 327.2, 271.4]"
11.45,485955532,140.76673866090712,-730,3829,
11.533333333333333,485955537,139.90280777537797,-682,3784,
11.533333333333333,485955537,,,,"[264.2, 258.8, 332.6, 275.0]"
11.533333333333333,485955537,139.90280777537797,-753,3766,
11.566666666666666,485955538,,,,"[255.2, 253.4, 323.6, 267.8]"
11.566666666666666,485955538,140.76673866090712,-773,3753,
11.566666666666666,485955538,,,,"[258.8, 255.2, 330.8, 271.4]"
11.566666666666666,485955538,140.76673866090712,-751,3741,
11.6,485955541,140.76673866090712,-785,3726,
11.6,485955541,,,,"[258.8, 255.2, 323.6, 267.8]"
11.6,485955541,140.76673866090712,-785,3726,
11.6,485955541,,,,"[258.8, 255.2, 323.6, 267.8]"
11.65,485955545,140.76673866090712,-784,3677,
11.65,485955545,,,,"[262.4, 255.2, 330.8, 269.6]"
11.7,485955546,140.76673866090712,-775,3662,
11.7,485955546,,,,"[257.0, 253.4, 318.2, 271.4]"
11.7,485955546,139.90280777537797,-870,3643,
11.7,485955546,140.76673866090712,-775,3662,
11.7,485955546,,,,"[257.0, 253.4, 318.2, 271.4]"
11.7,485955546,139.90280777537797,-870,3643,
11.75,485955551,139.90280777537797,-611,3614,
11.75,485955551,,,,"[255.2, 253.4, 321.8, 266.0]"
11.75,485955551,139.90280777537797,-611,3614,
11.75,485955551,,,,"[255.2, 253.4, 321.8, 266.0]"
11.833333333333334,485955555,138.98488120950324,-593,3568,
11.833333333333334,485955555,,,,"[251.6, 251.6, 316.4, 264.2]"
11.833333333333334,485955555,,,,"[253.4, 255.2, 320.0, 269.6]"
11.833333333333334,485955555,138.98488120950324,-593,3568,
11.833333333333334,485955555,,,,"[251.6, 251.6, 316.4, 264.2]"
11.916666666666666,485955559,,,,"[257.0, 255.2, 321.8, 266.0]"
11.916666666666666,485955559,139.90280777537797,-754,3526,
11.916666666666666,485955559,139.90280777537797,-825,3510,
11.916666666666666,485955559,,,,"[257.0, 255.2, 321.8, 266.0]"
11.916666666666666,485955559,139.90280777537797,-754,3526,
11.916666666666666,485955559,139.90280777537797,-825,3510,
11.983333333333333,485955563,139.90280777537797,-746,3482,
11.983333333333333,485955563,,,,"[251.6, 253.4, 318.2, 266.0]"
11.983333333333333,485955563,138.98488120950324,-715,3469,
12.0,485955565,,,,"[251.6, 249.8, 314.6, 262.4]"
12.0,485955565,139.90280777537797,-612,3459,
12.0,485955565,,,,"[251.6, 249.8, 314.6, 262.4]"
12.0,485955565,139.90280777537797,-612,3459,
12.066666666666666,485955569,138.98488120950324,-611,3426,
12.066666666666666,485955569,,,,"[257.0, 255.2, 321.8, 266.0]"
12.066666666666666,485955569,138.98488120950324,-624,3412,
12.066666666666666,485955569,138.98488120950324,-611,3426,
12.066666666666666,485955569,,,,"[257.0, 255.2, 321.8, 266.0]"
12.066666666666666,485955569,138.98488120950324,-624,3412,
12.15,485955573,138.98488120950324,-639,3376,
12.15,485955573,,,,"[251.6, 251.6, 320.0, 264.2]"
12.15,485955573,138.98488120950324,-713,3360,
12.166666666666666,485955575,,,,"[255.2, 251.6, 318.2, 262.4]"
12.166666666666666,485955575,138.98488120950324,-590,3352,
12.166666666666666,485955575,,,,"[257.0, 251.6, 316.4, 264.2]"
12.166666666666666,485955575,,,,"[255.2, 251.6, 318.2, 262.4]"
12.166666666666666,485955575,138.98488120950324,-590,3352,
12.166666666666666,485955575,,,,"[257.0, 251.6, 316.4, 264.2]"
12.233333333333333,485955579,,,,"[249.8, 253.4, 318.2, 264.2]"
12.233333333333333,485955579,138.12095032397409,-679,3307,
12.233333333333333,485955579,,,,"[249.8, 253.4, 318.2, 264.2]"
12.233333333333333,485955579,138.12095032397409,-679,3307,
12.316666666666666,485955587,,,,"[255.2, 251.6, 320.0, 264.2]"
12.316666666666666,485955587,138.98488120950324,-606,3270,
12.316666666666666,485955587,139.90280777537797,-655,3256,
12.316666666666666,485955587,,,,"[255.2, 253.4, 318.2, 258.8]"
12.333333333333334,485955589,138.12095032397409,-688,3241,
12.333333333333334,485955589,,,,"[248.0, 248.0, 314.6, 258.8]"
12.333333333333334,485955589,138.12095032397409,-688,3241,
12.333333333333334,485955589,,,,"[248.0, 248.0, 314.6, 258.8]"
12.4,485955593,,,,"[249.8, 249.8, 314.6, 260.6]"
12.4,485955593,137.25701943844493,-642,3203,
12.4,485955593,,,,"[249.8, 249.8, 312.8, 262.4]"
12.4,485955593,,,,"[249.8, 249.8, 314.6, 260.6]"
12.4,485955593,137.25701943844493,-642,3203,
12.4,485955593,,,,"[249.8, 249.8, 312.8, 262.4]"
12.466666666666667,485955597,,,,"[253.4, 253.4, 316.4, 264.2]"
12.466666666666667,485955597,137.25701943844493,-782,3164,
12.466666666666667,485955597,,,,"[251.6, 253.4, 316.4, 260.6]"
12.466666666666667,485955597,,,,"[253.4, 253.4, 316.4, 264.2]"
12.466666666666667,485955597,137.25701943844493,-782,3164,
12.466666666666667,485955597,,,,"[251.6, 253.4, 316.4, 260.6]"
12.55,485955602,,,,"[253.4, 253.4, 316.4, 260.6]"
12.55,485955602,138.12095032397409,-642,3116,
12.55,485955602,,,,"[248.0, 251.6, 312.8, 262.4]"
12.55,485955602,,,,"[253.4, 253.4, 316.4, 260.6]"
12.55,485955602,138.12095032397409,-642,3116,
12.55,485955602,,,,"[248.0, 251.6, 312.8, 262.4]"
12.6,485955606,,,,"[246.2, 249.8, 312.8, 260.6]"
12.6,485955606,137.25701943844493,-626,3083,
12.6,485955606,,,,"[246.2, 249.8, 312.8, 260.6]"
12.6,485955606,137.25701943844493,-626,3083,
12.683333333333334,485955609,,,,"[253.4, 251.6, 316.4, 264.2]"
12.683333333333334,485955609,136.39308855291577,-717,3035,
12.683333333333334,485955609,136.39308855291577,-723,3026,
12.683333333333334,485955609,,,,"[251.6, 248.0, 312.8, 257.0]"
12.716666666666667,485955611,136.39308855291577,-754,3010,
12.716666666666667,485955611,,,,"[253.4, 248.0, 314.6, 264.2]"
12.716666666666667,485955611,136.39308855291577,-744,2998,
12.716666666666667,485955611,136.39308855291577,-754,3010,
12.716666666666667,485955611,,,,"[253.4, 248.0, 314.6, 264.2]"
12.716666666666667,485955611,136.39308855291577,-744,2998,
12.766666666666667,485955615,136.39308855291577,-895,2960,
12.766666666666667,485955615,,,,"[248.0, 246.2, 305.6, 257.0]"
12.766666666666667,485955615,136.39308855291577,-895,2960,
12.766666666666667,485955615,,,,"[248.0, 246.2, 305.6, 257.0]"
12.85,485955620,137.25701943844493,-975,2906,
12.85,485955620,,,,"[248.0, 249.8, 312.8, 260.6]"
12.85,485955620,138.12095032397409,-896,2890,
12.883333333333333,485955622,137.25701943844493,-897,2874,
12.883333333333333,485955622,,,,"[248.0, 249.8, 312.8, 260.6]"
12.883333333333333,485955622,137.25701943844493,-916,2854,
12.883333333333333,485955622,137.25701943844493,-897,2874,
12.883333333333333,485955622,,,,"[248.0, 249.8, 312.8, 260.6]"
12.883333333333333,485955622,137.25701943844493,-916,2854,
12.95,485955626,136.39308855291577,-743,2830,
12.95,485955626,,,,"[249.8, 246.2, 314.6, 257.0]"
12.95,485955626,135.5291576673866,-625,2822,
12.95,485955626,136.39308855291577,-743,2830,
12.95,485955626,,,,"[249.8, 246.2, 314.6, 257.0]"
12.95,485955626,135.5291576673866,-625,2822,
13.016666666666667,485955629,,,,"[248.0, 251.6, 311.0, 258.8]"
13.016666666666667,485955629,133.8012958963283,-256,2805,
13.016666666666667,485955629,134.66522678185746,-456,2806,
13.016666666666667,485955629,,,,"[248.0, 251.6, 311.0, 258.8]"
13.016666666666667,485955629,133.8012958963283,-256,2805,
13.083333333333334,485955633,132.07343412526998,-369,2784,
13.083333333333334,485955633,,,,"[246.2, 248.0, 307.4, 258.8]"
13.083333333333334,485955633,131.20950323974083,-439,2776,
13.083333333333334,485955633,132.07343412526998,-369,2784,
13.083333333333334,485955633,,,,"[246.2, 248.0, 307.4, 258.8]"
13.083333333333334,485955633,131.20950323974083,-439,2776,
13.133333333333333,485955637,129.42764578833692,-307,2767,
13.133333333333333,485955637,,,,"[248.0, 246.2, 311.0, 255.2]"
13.133333333333333,485955637,129.42764578833692,-307,2767,
13.133333333333333,485955637,,,,"[248.0, 246.2, 311.0, 255.2]"
13.133333333333333,485955641,127.6997840172786,-372,2747,
13.133333333333333,485955641,,,,"[244.4, 246.2, 309.2, 257.0]"
13.133333333333333,485955641,127.6997840172786,-377,2740,
13.25,485955643,127.6997840172786,-395,2733,
13.25,485955643,,,,"[246.2, 246.2, 305.6, 255.2]"
13.25,485955643,127.6997840172786,-364,2728,
13.25,485955643,127.6997840172786,-395,2733,
13.25,485955643,,,,"[246.2, 246.2, 305.6, 255.2]"
13.25,485955643,127.6997840172786,-364,2728,
13.316666666666666,485955652,126.83585313174945,-417,2709,
13.316666666666666,485955652,,,,"[242.6, 246.2, 302.0, 253.4]"
13.316666666666666,485955652,127.6997840172786,-401,2700,
13.316666666666666,485955652,,,,"[242.6, 246.2, 302.0, 253.4]"
13.316666666666666,485955652,127.6997840172786,-401,2700,
13.383333333333333,485955656,,,,"[244.4, 246.2, 307.4, 257.0]"
13.383333333333333,485955656,126.83585313174945,-443,2675,
13.383333333333333,485955656,,,,"[249.8, 248.0, 311.0, 257.0]"
13.416666666666666,485955657,127.6997840172786,-464,2670,
13.416666666666666,485955657,,,,"[249.8, 244.4, 311.0, 255.2]"
13.416666666666666,485955657,126.83585313174945,-408,2662,
13.416666666666666,485955657,127.6997840172786,-464,2670,
13.416666666666666,485955657,,,,"[249.8, 244.4, 311.0, 255.2]"
13.416666666666666,485955657,126.83585313174945,-408,2662,
13.483333333333333,485955661,127.6997840172786,-345,2638,
13.483333333333333,485955661,,,,"[246.2, 244.4, 309.2, 258.8]"
13.483333333333333,485955661,126.83585313174945,-441,2646,
13.483333333333333,485955661,127.6997840172786,-345,2638,
13.483333333333333,485955661,,,,"[246.2, 244.4, 309.2, 258.8]"
13.533333333333333,485955666,,,,"[242.6, 244.4, 303.8, 251.6]"
13.533333333333333,485955666,126.83585313174945,-467,2611,
13.533333333333333,485955666,,,,"[248.0, 246.2, 302.0, 257.0]"
13.533333333333333,485955666,,,,"[242.6, 244.4, 303.8, 251.6]"
13.533333333333333,485955666,126.83585313174945,-467,2611,
13.533333333333333,485955666,,,,"[248.0, 246.2, 302.0, 257.0]"
13.6,485955669,,,,"[244.4, 246.2, 302.0, 257.0]"
13.6,485955669,127.6997840172786,-472,2584,
13.6,485955669,,,,"[244.4, 246.2, 307.4, 257.0]"
13.6,485955669,,,,"[244.4, 246.2, 302.0, 257.0]"
13.6,485955669,127.6997840172786,-472,2584,
13.6,485955669,,,,"[244.4, 246.2, 307.4, 257.0]"
13.683333333333334,485955674,127.6997840172786,-487,2560,
13.683333333333334,485955674,,,,"[246.2, 246.2, 303.8, 251.6]"
13.683333333333334,485955674,127.6997840172786,-506,2550,
13.7,485955675,,,,"[248.0, 244.4, 307.4, 257.0]"
13.7,485955675,126.83585313174945,-429,2540,
13.7,485955675,,,,"[246.2, 244.4, 303.8, 253.4]"
13.7,485955675,,,,"[248.0, 244.4, 307.4, 257.0]"
13.7,485955675,126.83585313174945,-429,2540,
13.7,485955675,,,,"[246.2, 244.4, 303.8, 253.4]"
13.766666666666667,485955679,126.83585313174945,-393,2518,
13.766666666666667,485955679,126.83585313174945,-393,2518,
13.833333333333334,485955683,,,,"[248.0, 248.0, 303.8, 257.0]"
13.833333333333334,485955683,126.83585313174945,-458,2491,
13.833333333333334,485955683,,,,"[248.0, 244.4, 307.4, 255.2]"
13.866666666666667,485955685,125.10799136069113,-390,2486,
13.866666666666667,485955685,125.10799136069113,-182,2486,
13.866666666666667,485955685,,,,"[248.0, 246.2, 307.4, 253.4]"
13.866666666666667,485955685,125.10799136069113,-390,2486,
13.866666666666667,485955685,125.10799136069113,-182,2486,
13.866666666666667,485955685,,,,"[248.0, 246.2, 307.4, 253.4]"
13.933333333333334,485955689,,,,"[240.8, 244.4, 300.2, 255.2]"
13.933333333333334,485955689,122.51619870410366,-111,2481,
13.933333333333334,485955689,,,,"[244.4, 248.0, 307.4, 257.0]"
13.933333333333334,485955689,122.51619870410366,-111,2481,
13.933333333333334,485955689,,,,"[244.4, 248.0, 307.4, 257.0]"
14.0,485955693,,,,"[244.4, 246.2, 305.6, 257.0]"
14.0,485955693,121.6522678185745,-109,2475,
14.0,485955693,,,,"[246.2, 246.2, 305.6, 257.0]"
14.0,485955693,121.6522678185745,-96,2474,
14.0,485955693,,,,"[244.4, 246.2, 305.6, 257.0]"
14.0,485955693,121.6522678185745,-109,2475,
14.0,485955693,,,,"[246.2, 246.2, 305.6, 257.0]"
14.0,485955693,121.6522678185745,-96,2474,
14.066666666666666,485955697,120.73434125269978,-234,2465,
14.066666666666666,485955697,,,,"[248.0, 246.2, 309.2, 258.8]"
14.066666666666666,485955697,120.73434125269978,-283,2456,
14.066666666666666,485955697,,,,"[248.0, 246.2, 309.2, 258.8]"
14.066666666666666,485955697,120.73434125269978,-283,2456,
14.133333333333333,485955701,,,,"[246.2, 246.2, 300.2, 255.2]"
14.133333333333333,485955701,122.51619870410366,-454,2428,
14.166666666666666,485955703,,,,"[242.6, 248.0, 305.6, 255.2]"
14.166666666666666,485955703,122.51619870410366,-390,2423,
14.166666666666666,485955703,,,,"[244.4, 242.6, 302.0, 255.2]"
14.166666666666666,485955703,122.51619870410366,-390,2416,
14.166666666666666,485955703,122.51619870410366,-390,2423,
14.166666666666666,485955703,,,,"[244.4, 242.6, 302.0, 255.2]"
14.166666666666666,485955703,122.51619870410366,-390,2416,
14.233333333333333,485955707,124.24406047516197,-435,2396,
14.233333333333333,485955707,124.24406047516197,-565,2384,
14.233333333333333,485955707,,,,"[248.0, 248.0, 311.0, 255.2]"
14.233333333333333,485955707,124.24406047516197,-435,2396,
14.233333333333333,485955707,124.24406047516197,-565,2384,
14.233333333333333,485955707,,,,"[248.0, 248.0, 311.0, 255.2]"
14.283333333333333,485955715,124.24406047516197,-692,2351,
14.283333333333333,485955715,,,,"[246.2, 249.8, 309.2, 258.8]"
14.283333333333333,485955715,124.24406047516197,-692,2351,
14.283333333333333,485955715,,,,"[246.2, 249.8, 309.2, 258.8]"
14.366666666666667,485955719,125.97192224622029,-598,2318,
14.366666666666667,485955719,,,,"[242.6, 246.2, 303.8, 255.2]"
14.366666666666667,485955719,,,,"[248.0, 248.0, 302.0, 257.0]"
14.366666666666667,485955719,125.97192224622029,-562,2305,
14.366666666666667,485955719,125.97192224622029,-598,2318,
14.366666666666667,485955719,,,,"[242.6, 246.2, 303.8, 255.2]"
14.366666666666667,485955719,,,,"[248.0, 248.0, 302.0, 257.0]"
14.366666666666667,485955719,125.97192224622029,-562,2305,
14.433333333333334,485955723,,,,"[249.8, 248.0, 309.2, 257.0]"
14.433333333333334,485955723,125.97192224622029,-315,2292,
14.433333333333334,485955723,125.97192224622029,-352,2296,
14.433333333333334,485955723,,,,"[249.8, 248.0, 309.2, 257.0]"
14.433333333333334,485955723,125.97192224622029,-315,2292,
14.5,485955726,125.10799136069113,-145,2281,
14.5,485955726,,,,"[246.2, 246.2, 309.2, 255.2]"
14.5,485955726,125.10799136069113,-56,2282,
14.5,485955726,125.10799136069113,-145,2281,
14.5,485955726,,,,"[246.2, 246.2, 309.2, 255.2]"
14.5,485955726,125.10799136069113,-56,2282,
14.566666666666666,485955730,124.24406047516197,-89,2278,
14.566666666666666,485955730,,,,"[244.4, 246.2, 305.6, 257.0]"
14.566666666666666,485955730,124.24406047516197,-78,2280,
14.6,485955732,,,,"[246.2, 244.4, 303.8, 258.8]"
14.6,485955732,124.24406047516197,-54,2271,
14.6,485955732,123.38012958963282,-588,2250,
14.6,485955732,,,,"[246.2, 244.4, 303.8, 258.8]"
14.6,485955732,124.24406047516197,-54,2271,
14.6,485955732,123.38012958963282,-588,2250,
14.666666666666666,485955736,125.10799136069113,-602,2230,
14.666666666666666,485955736,,,,"[249.8, 248.0, 309.2, 255.2]"
14.666666666666666,485955736,125.10799136069113,-469,2224,
14.666666666666666,485955736,,,,"[249.8, 248.0, 309.2, 255.2]"
14.666666666666666,485955736,125.10799136069113,-469,2224,
14.716666666666667,485955740,,,,"[246.2, 244.4, 307.4, 257.0]"
14.716666666666667,485955740,125.10799136069113,-620,2187,
14.75,485955742,,,,"[244.4, 248.0, 305.6, 260.6]"
14.75,485955742,125.10799136069113,-636,2172,
14.75,485955742,,,,"[240.8, 246.2, 300.2, 255.2]"
14.75,485955742,125.10799136069113,-636,2172,
14.75,485955742,,,,"[240.8, 246.2, 300.2, 255.2]"
14.816666666666666,485955746,124.24406047516197,-559,2143,
14.816666666666666,485955746,,,,"[240.8, 244.4, 300.2, 253.4]"
14.816666666666666,485955746,123.38012958963282,-457,2136,
14.816666666666666,485955746,124.24406047516197,-559,2143,
14.816666666666666,485955746,,,,"[240.8, 244.4, 300.2, 253.4]"
14.816666666666666,485955746,123.38012958963282,-457,2136,
14.9,485955749,122.51619870410366,-407,2119,
14.9,485955749,,,,"[249.8, 246.2, 307.4, 258.8]"
14.9,485955749,121.6522678185745,-322,2117,
14.9,485955749,122.51619870410366,-407,2119,
14.9,485955749,,,,"[249.8, 246.2, 307.4, 258.8]"
14.9,485955749,121.6522678185745,-322,2117,
14.95,485955754,122.51619870410366,-423,2099,
14.95,485955754,,,,"[242.6, 244.4, 302.0, 255.2]"
14.95,485955754,122.51619870410366,-534,2087,
14.95,485955754,122.51619870410366,-423,2099,
14.95,485955754,,,,"[242.6, 244.4, 302.0, 255.2]"
14.95,485955754,122.51619870410366,-534,2087,
15.016666666666667,485955758,,,,"[242.6, 242.6, 300.2, 255.2]"
15.016666666666667,485955758,124.24406047516197,-949,2026,
15.016666666666667,485955758,,,,"[246.2, 246.2, 303.8, 255.2]"
15.05,485955760,124.24406047516197,-923,2011,
15.05,485955760,,,,"[244.4, 242.6, 303.8, 255.2]"
15.05,485955760,125.97192224622029,-773,1996,
15.05,485955760,124.24406047516197,-923,2011,
15.05,485955760,,,,"[244.4, 242.6, 303.8, 255.2]"
15.05,485955760,125.97192224622029,-773,1996,
15.116666666666667,485955763,,,,"[244.4, 246.2, 300.2, 255.2]"
15.116666666666667,485955763,125.97192224622029,-760,1957,
15.116666666666667,485955763,,,,"[244.4, 246.2, 300.2, 255.2]"
15.116666666666667,485955763,125.97192224622029,-760,1957,
15.166666666666666,485955768,,,,"[246.2, 242.6, 303.8, 253.4]"
15.166666666666666,485955768,125.10799136069113,-623,1930,
15.166666666666666,485955768,,,,"[246.2, 244.4, 307.4, 257.0]"
15.2,485955769,124.24406047516197,-541,1917,
15.2,485955769,,,,"[240.8, 244.4, 302.0, 253.4]"
15.2,485955769,123.38012958963282,-631,1905,
15.2,485955769,124.24406047516197,-541,1917,
15.2,485955769,,,,"[240.8, 244.4, 302.0, 253.4]"
15.2,485955769,123.38012958963282,-631,1905,
15.266666666666667,485955777,,,,"[244.4, 246.2, 302.0, 253.4]"
15.266666666666667,485955777,123.38012958963282,-289,1896,
15.266666666666667,485955777,,,,"[240.8, 242.6, 303.8, 251.6]"
15.266666666666667,485955777,123.38012958963282,-289,1896,
15.266666666666667,485955777,,,,"[240.8, 242.6, 303.8, 251.6]"
15.35,485955782,119.87041036717062,293,1906,
15.35,485955782,,,,"[239.0, 240.8, 302.0, 251.6]"
15.35,485955782,119.00647948164146,250,1903,
15.35,485955782,,,,"[248.0, 244.4, 307.4, 255.2]"
15.366666666666667,485955783,119.87041036717062,128,1903,
15.366666666666667,485955783,,,,"[242.6, 242.6, 303.8, 251.6]"
15.366666666666667,485955783,119.87041036717062,128,1903,
15.366666666666667,485955783,,,,"[242.6, 242.6, 303.8, 251.6]"
15.45,485955787,,,,"[237.2, 239.0, 302.0, 246.2]"
15.45,485955787,118.1425485961123,126,1906,
15.45,485955787,,,,"[237.2, 244.4, 302.0, 249.8]"
15.45,485955787,118.1425485961123,157,1908,
15.45,485955787,118.1425485961123,126,1906,
15.45,485955787,,,,"[237.2, 244.4, 302.0, 249.8]"
15.45,485955787,118.1425485961123,157,1908,
15.5,485955791,,,,"[246.2, 244.4, 305.6, 255.2]"
15.5,485955791,117.27861771058315,-20,1900,
15.5,485955791,,,,"[242.6, 244.4, 305.6, 255.2]"
15.5,485955791,119.00647948164146,-189,1897,
15.533333333333333,485955793,119.87041036717062,-113,1897,
15.533333333333333,485955793,,,,"[240.8, 240.8, 305.6, 251.6]"
15.533333333333333,485955793,119.87041036717062,-113,1897,
15.533333333333333,485955793,,,,"[240.8, 240.8, 305.6, 251.6]"
15.616666666666667,485955797,119.87041036717062,-114,1889,
15.616666666666667,485955797,,,,"[239.0, 246.2, 305.6, 253.4]"
15.616666666666667,485955797,119.00647948164146,-186,1885,
15.616666666666667,485955797,119.87041036717062,-114,1889,
15.616666666666667,485955797,,,,"[239.0, 246.2, 305.6, 253.4]"
15.616666666666667,485955797,119.00647948164146,-186,1885,
15.666666666666666,485955801,,,,"[244.4, 248.0, 309.2, 257.0]"
15.666666666666666,485955801,119.00647948164146,0,1889,
15.666666666666666,485955801,119.87041036717062,-115,1885,
15.666666666666666,485955801,,,,"[244.4, 246.2, 303.8, 258.8]"
15.7,485955803,119.87041036717062,-192,1879,
15.7,485955803,,,,"[239.0, 246.2, 307.4, 255.2]"
15.7,485955803,119.87041036717062,-278,1874,
15.7,485955803,119.87041036717062,-192,1879,
15.7,485955803,,,,"[239.0, 246.2, 307.4, 255.2]"
15.7,485955803,119.87041036717062,-278,1874,
15.766666666666667,485955806,,,,"[246.2, 244.4, 305.6, 258.8]"
15.766666666666667,485955806,119.87041036717062,-159,1866,
15.766666666666667,485955806,119.87041036717062,-201,1868,
15.766666666666667,485955806,,,,"[246.2, 244.4, 305.6, 258.8]"
15.766666666666667,485955806,119.87041036717062,-159,1866,
15.816666666666666,485955810,119.87041036717062,-193,1855,
15.816666666666666,485955810,,,,"[246.2, 249.8, 309.2, 253.4]"
15.866666666666667,485955813,119.87041036717062,-183,1851,
15.866666666666667,485955813,,,,"[244.4, 248.0, 307.4, 255.2]"
15.866666666666667,485955813,119.87041036717062,-186,1848,
15.866666666666667,485955813,119.87041036717062,-183,1851,
15.866666666666667,485955813,,,,"[244.4, 248.0, 307.4, 255.2]"
15.866666666666667,485955813,119.87041036717062,-186,1848,
15.916666666666666,485955816,119.87041036717062,-199,1838,
15.916666666666666,485955816,,,,"[251.6, 246.2, 307.4, 260.6]"
15.916666666666666,485955816,119.87041036717062,-199,1838,
15.916666666666666,485955816,,,,"[251.6, 246.2, 307.4, 260.6]"
15.983333333333333,485955820,,,,"[249.8, 246.2, 312.8, 262.4]"
15.983333333333333,485955820,119.00647948164146,6,1842,
15.983333333333333,485955820,,,,"[251.6, 249.8, 311.0, 260.6]"
15.983333333333333,485955820,119.00647948164146,6,1842,
15.983333333333333,485955820,,,,"[251.6, 249.8, 311.0, 260.6]"
16.05,485955824,,,,"[249.8, 248.0, 311.0, 253.4]"
16.05,485955824,120.73434125269978,-214,1829,
16.05,485955824,120.73434125269978,-287,1824,
16.05,485955824,,,,"[249.8, 248.0, 311.0, 253.4]"
16.05,485955824,120.73434125269978,-214,1829,
16.05,485955824,120.73434125269978,-287,1824,
16.116666666666667,485955828,,,,"[246.2, 248.0, 311.0, 258.8]"
16.116666666666667,485955828,121.6522678185745,-188,1814,
16.116666666666667,485955828,,,,"[255.2, 249.8, 314.6, 260.6]"
16.15,485955830,121.6522678185745,-144,1813,
16.15,485955830,,,,"[253.4, 249.8, 307.4, 257.0]"
16.15,485955830,120.73434125269978,-163,1809,
16.15,485955830,121.6522678185745,-144,1813,
16.15,485955830,,,,"[253.4, 249.8, 307.4, 257.0]"
16.15,485955830,120.73434125269978,-163,1809,
16.15,485955834,120.73434125269978,-125,1804,
16.15,485955834,,,,"[244.4, 248.0, 311.0, 258.8]"
16.15,485955834,,,,"[255.2, 251.6, 314.6, 260.6]"
16.15,485955834,120.73434125269978,-125,1804,
16.15,485955834,,,,"[244.4, 248.0, 311.0, 258.8]"
16.283333333333335,485955842,119.87041036717062,-170,1789,
16.283333333333335,485955842,119.87041036717062,-260,1783,
16.283333333333335,485955842,,,,"[253.4, 251.6, 311.0, 258.8]"
16.3,485955843,119.00647948164146,-296,1776,
16.3,485955843,,,,"[255.2, 251.6, 307.4, 258.8]"
16.3,485955843,119.00647948164146,-296,1776,
16.3,485955843,,,,"[255.2, 251.6, 307.4, 258.8]"
16.383333333333333,485955848,119.00647948164146,-178,1769,
16.383333333333333,485955848,,,,"[253.4, 258.8, 312.8, 262.4]"
16.383333333333333,485955848,119.87041036717062,-482,1752,
16.383333333333333,485955848,119.00647948164146,-178,1769,
16.383333333333333,485955848,,,,"[253.4, 258.8, 312.8, 262.4]"
16.383333333333333,485955848,119.87041036717062,-482,1752,
16.45,485955852,123.38012958963282,-820,1709,
16.45,485955852,,,,"[251.6, 251.6, 311.0, 262.4]"
16.45,485955852,122.51619870410366,-1000,1688,
16.483333333333334,485955853,123.38012958963282,-552,1691,
16.483333333333334,485955853,,,,"[251.6, 257.0, 311.0, 262.4]"
16.483333333333334,485955853,122.51619870410366,-369,1688,
16.483333333333334,485955853,123.38012958963282,-552,1691,
16.483333333333334,485955853,,,,"[251.6, 257.0, 311.0, 262.4]"
16.483333333333334,485955853,122.51619870410366,-369,1688,
16.55,485955858,,,,"[258.8, 251.6, 316.4, 266.0]"
16.55,485955858,119.00647948164146,-447,1656,
16.55,485955858,,,,"[258.8, 251.6, 316.4, 266.0]"
16.55,485955858,119.00647948164146,-447,1656,
16.616666666666667,485955862,115.55075593952483,-602,1625,
16.616666666666667,485955862,,,,"[255.2, 253.4, 316.4, 260.6]"
16.616666666666667,485955862,117.27861771058315,-565,1614,
16.633333333333333,485955864,,,,"[251.6, 251.6, 311.0, 264.2]"
16.633333333333333,485955864,116.41468682505399,-746,1597,
16.633333333333333,485955864,,,,"[253.4, 251.6, 309.2, 266.0]"
16.633333333333333,485955864,,,,"[251.6, 251.6, 311.0, 264.2]"
16.633333333333333,485955864,116.41468682505399,-746,1597,
16.633333333333333,485955864,,,,"[253.4, 251.6, 309.2, 266.0]"
16.716666666666665,485955868,,,,"[253.4, 253.4, 307.4, 264.2]"
16.716666666666665,485955868,116.41468682505399,-957,1529,
16.716666666666665,485955868,,,,"[248.0, 249.8, 307.4, 262.4]"
16.716666666666665,485955868,,,,"[253.4, 253.4, 307.4, 264.2]"
16.716666666666665,485955868,116.41468682505399,-957,1529,
16.716666666666665,485955868,,,,"[248.0, 249.8, 307.4, 262.4]"
16.766666666666666,485955872,113.82289416846652,-868,1487,
16.766666666666666,485955872,,,,"[253.4, 248.0, 311.0, 257.0]"
16.816666666666666,485955874,112.0950323974082,-570,1477,
16.816666666666666,485955874,112.95896328293736,-544,1472,
16.816666666666666,485955874,,,,"[253.4, 249.8, 309.2, 257.0]"
16.816666666666666,485955874,112.0950323974082,-570,1477,
16.816666666666666,485955874,112.95896328293736,-544,1472,
16.816666666666666,485955874,,,,"[253.4, 249.8, 309.2, 257.0]"
16.883333333333333,485955878,112.0950323974082,-624,1438,
16.883333333333333,485955878,,,,"[244.4, 242.6, 298.4, 253.4]"
16.883333333333333,485955878,111.17710583153348,-800,1422,
16.883333333333333,485955878,112.0950323974082,-624,1438,
16.883333333333333,485955878,,,,"[244.4, 242.6, 298.4, 253.4]"
16.883333333333333,485955878,111.17710583153348,-800,1422,
16.95,485955882,,,,"[246.2, 246.2, 302.0, 253.4]"
16.95,485955882,112.95896328293736,-571,1390,
16.95,485955882,,,,"[244.4, 242.6, 300.2, 255.2]"
16.95,485955882,,,,"[246.2, 246.2, 302.0, 253.4]"
16.95,485955882,112.95896328293736,-571,1390,
16.95,485955882,,,,"[244.4, 242.6, 300.2, 255.2]"
17.0,485955885,,,,"[244.4, 242.6, 298.4, 253.4]"
17.0,485955885,112.0950323974082,-873,1344,
17.0,485955885,,,,"[244.4, 239.0, 296.6, 248.0]"
17.0,485955885,,,,"[244.4, 242.6, 298.4, 253.4]"
17.0,485955885,112.0950323974082,-873,1344,
17.0,485955885,,,,"[244.4, 239.0, 296.6, 248.0]"
17.083333333333332,485955889,112.0950323974082,-767,1304,
17.083333333333332,485955889,,,,"[244.4, 239.0, 296.6, 248.0]"
17.083333333333332,485955889,111.17710583153348,-908,1287,
17.1,485955892,,,,"[244.4, 240.8, 302.0, 249.8]"
17.1,485955892,108.58531317494601,-613,1278,
17.1,485955892,,,,"[244.4, 240.8, 302.0, 249.8]"
17.1,485955892,108.58531317494601,-613,1278,
17.183333333333334,485955895,104.26565874730022,-206,1274,
17.183333333333334,485955895,,,,"[242.6, 242.6, 298.4, 255.2]"
17.183333333333334,485955895,104.26565874730022,-157,1273,
17.183333333333334,485955895,,,,"[239.0, 239.0, 293.0, 246.2]"
17.183333333333334,485955895,104.26565874730022,-206,1274,
17.183333333333334,485955895,,,,"[242.6, 242.6, 298.4, 255.2]"
17.183333333333334,485955895,104.26565874730022,-157,1273,
17.183333333333334,485955895,,,,"[239.0, 239.0, 293.0, 246.2]"
17.216666666666665,485955899,106.8574514038877,-39,1275,
17.216666666666665,485955899,,,,"[242.6, 239.0, 293.0, 251.6]"
17.216666666666665,485955899,105.12958963282938,-166,1267,
17.216666666666665,485955899,,,,"[240.8, 240.8, 296.6, 246.2]"
17.266666666666666,485955905,105.12958963282938,-134,1269,
17.266666666666666,485955905,,,,"[240.8, 239.0, 296.6, 251.6]"
17.266666666666666,485955905,105.12958963282938,-134,1269,
17.266666666666666,485955905,,,,"[240.8, 239.0, 296.6, 251.6]"
17.333333333333332,485955909,104.26565874730022,166,1279,
17.333333333333332,485955909,,,,"[242.6, 235.4, 291.2, 249.8]"
17.333333333333332,485955909,101.61987041036716,-275,1264,
17.333333333333332,485955909,104.26565874730022,166,1279,
17.333333333333332,485955909,,,,"[242.6, 235.4, 291.2, 249.8]"
17.333333333333332,485955909,101.61987041036716,-275,1264,
17.4,485955913,,,,"[233.6, 239.0, 293.0, 246.2]"
17.4,485955913,104.26565874730022,187,1280,
17.433333333333334,485955915,,,,"[240.8, 235.4, 298.4, 251.6]"
17.433333333333334,485955915,104.26565874730022,205,1282,
17.433333333333334,485955915,104.26565874730022,56,1280,
17.433333333333334,485955915,,,,"[239.0, 233.6, 291.2, 242.6]"
17.433333333333334,485955915,,,,"[240.8, 235.4, 298.4, 251.6]"
17.433333333333334,485955915,104.26565874730022,205,1282,
17.433333333333334,485955915,104.26565874730022,56,1280,
17.433333333333334,485955915,,,,"[239.0, 233.6, 291.2, 242.6]"
17.5,485955919,105.99352051835854,136,1288,
17.5,485955919,,,,"[239.0, 233.6, 293.0, 249.8]"
17.5,485955919,105.12958963282938,42,1281,
17.5,485955919,,,,"[233.6, 239.0, 294.8, 244.4]"
17.5,485955919,,,,"[239.0, 233.6, 293.0, 249.8]"
17.5,485955919,105.12958963282938,42,1281,
17.5,485955919,,,,"[233.6, 239.0, 294.8, 244.4]"
17.566666666666666,485955922,,,,"[240.8, 242.6, 298.4, 248.0]"
17.566666666666666,485955922,105.99352051835854,-75,1270,
17.566666666666666,485955922,105.12958963282938,-238,1263,
17.566666666666666,485955922,,,,"[239.0, 240.8, 296.6, 246.2]"
17.583333333333332,485955924,105.99352051835854,-309,1259,
17.583333333333332,485955924,,,,"[239.0, 240.8, 298.4, 246.2]"
17.583333333333332,485955924,105.99352051835854,-309,1259,
17.583333333333332,485955924,,,,"[239.0, 240.8, 298.4, 246.2]"
17.65,485955928,106.8574514038877,90,1274,
17.65,485955928,,,,"[239.0, 242.6, 298.4, 246.2]"
17.65,485955928,106.8574514038877,90,1274,
17.65,485955928,,,,"[239.0, 242.6, 298.4, 246.2]"
17.733333333333334,485955932,101.61987041036716,135,1277,
17.733333333333334,485955932,,,,"[240.8, 246.2, 300.2, 249.8]"
17.733333333333334,485955932,101.61987041036716,358,1286,
17.75,485955934,,,,"[242.6, 239.0, 296.6, 253.4]"
17.75,485955934,100.755939524838,576,1301,
17.75,485955934,,,,"[239.0, 239.0, 298.4, 246.2]"
17.75,485955934,100.755939524838,576,1301,
17.75,485955934,,,,"[239.0, 239.0, 298.4, 246.2]"
17.816666666666666,485955937,101.61987041036716,181,1309,
17.816666666666666,485955937,,,,"[239.0, 244.4, 300.2, 248.0]"
17.816666666666666,485955937,101.61987041036716,181,1309,
17.816666666666666,485955937,,,,"[239.0, 244.4, 300.2, 248.0]"
17.866666666666667,485955942,,,,"[244.4, 244.4, 303.8, 253.4]"
17.866666666666667,485955942,100.755939524838,11,1307,
17.866666666666667,485955942,,,,"[242.6, 240.8, 300.2, 251.6]"
17.916666666666668,485955943,101.61987041036716,-108,1300,
17.916666666666668,485955943,,,,"[239.0, 244.4, 302.0, 249.8]"
17.916666666666668,485955943,99.89200863930884,-115,1294,
17.916666666666668,485955943,101.61987041036716,-108,1300,
17.916666666666668,485955943,,,,"[239.0, 244.4, 302.0, 249.8]"
17.916666666666668,485955943,99.89200863930884,-115,1294,
17.966666666666665,485955947,,,,"[239.0, 246.2, 302.0, 249.8]"
17.966666666666665,485955947,102.53779697624188,122,1303,
17.966666666666665,485955947,,,,"[239.0, 246.2, 302.0, 249.8]"
17.966666666666665,485955947,102.53779697624188,122,1303,
18.05,485955951,,,,"[240.8, 246.2, 305.6, 248.0]"
18.05,485955951,101.61987041036716,1,1296,
18.05,485955951,,,,"[246.2, 246.2, 303.8, 255.2]"
18.05,485955951,101.61987041036716,115,1299,
18.066666666666666,485955953,,,,"[244.4, 246.2, 300.2, 249.8]"
18.066666666666666,485955953,101.61987041036716,90,1302,
18.066666666666666,485955953,,,,"[244.4, 246.2, 300.2, 249.8]"
18.066666666666666,485955953,101.61987041036716,90,1302,
18.133333333333333,485955957,,,,"[244.4, 251.6, 309.2, 257.0]"
18.133333333333333,485955957,97.30021598272137,-86,1299,
18.133333333333333,485955957,,,,"[244.4, 251.6, 309.2, 257.0]"
18.133333333333333,485955957,97.30021598272137,-86,1299,
18.2,485955961,,,,"[246.2, 246.2, 309.2, 255.2]"
18.2,485955961,96.43628509719221,54,1299,
18.2,485955961,,,,"[244.4, 246.2, 305.6, 255.2]"
18.233333333333334,485955962,94.7084233261339,-156,1294,
18.233333333333334,485955962,,,,"[240.8, 246.2, 303.8, 253.4]"
18.233333333333334,485955962,93.84449244060474,-70,1298,
18.233333333333334,485955962,94.7084233261339,-156,1294,
18.233333333333334,485955962,,,,"[240.8, 246.2, 303.8, 253.4]"
18.233333333333334,485955962,93.84449244060474,-70,1298,
18.283333333333335,485955970,,,,"[246.2, 248.0, 309.2, 257.0]"
18.283333333333335,485955970,92.06263498920086,-266,1285,
18.283333333333335,485955970,,,,"[246.2, 248.0, 309.2, 257.0]"
18.283333333333335,485955970,92.06263498920086,-266,1285,
18.35,485955974,92.92656587473002,-446,1255,
18.35,485955974,,,,"[242.6, 242.6, 302.0, 249.8]"
18.4,485955976,93.84449244060474,-541,1246,
18.4,485955976,,,,"[242.6, 246.2, 307.4, 257.0]"
18.4,485955976,92.92656587473002,-713,1227,
18.4,485955976,,,,"[244.4, 246.2, 305.6, 258.8]"
18.4,485955976,,,,"[242.6, 246.2, 307.4, 257.0]"
18.4,485955976,92.92656587473002,-713,1227,
18.4,485955976,,,,"[244.4, 246.2, 305.6, 258.8]"
18.466666666666665,485955981,95.57235421166305,-662,1192,
18.466666666666665,485955981,,,,"[246.2, 244.4, 302.0, 255.2]"
18.466666666666665,485955981,93.84449244060474,-787,1177,
18.466666666666665,485955981,95.57235421166305,-662,1192,
18.466666666666665,485955981,,,,"[246.2, 244.4, 302.0, 255.2]"
18.466666666666665,485955981,93.84449244060474,-787,1177,
18.533333333333335,485955985,,,,"[242.6, 244.4, 302.0, 251.6]"
18.533333333333335,485955985,94.7084233261339,-972,1129,
18.533333333333335,485955985,93.84449244060474,-1043,1138,
18.533333333333335,485955985,,,,"[242.6, 244.4, 302.0, 251.6]"
18.533333333333335,485955985,94.7084233261339,-972,1129,
18.583333333333332,485955988,,,,"[248.0, 246.2, 303.8, 251.6]"
18.583333333333332,485955988,93.84449244060474,-567,1099,
18.583333333333332,485955988,,,,"[248.0, 246.2, 303.8, 251.6]"
18.583333333333332,485955988,93.84449244060474,-567,1099,
18.666666666666668,485955993,,,,"[237.2, 240.8, 300.2, 248.0]"
18.666666666666668,485955993,92.06263498920086,-743,1047,
18.666666666666668,485955993,,,,"[242.6, 242.6, 298.4, 248.0]"
18.683333333333334,485955994,91.1987041036717,-761,1031,
18.683333333333334,485955994,,,,"[242.6, 240.8, 300.2, 251.6]"
18.683333333333334,485955994,91.1987041036717,-761,1031,
18.683333333333334,485955994,,,,"[242.6, 240.8, 300.2, 251.6]"
18.766666666666666,485955998,,,,"[233.6, 240.8, 296.6, 246.2]"
18.766666666666666,485955998,92.06263498920086,-557,989,
18.766666666666666,485955998,,,,"[233.6, 240.8, 296.6, 246.2]"
18.766666666666666,485955998,92.06263498920086,-557,989,
18.816666666666666,485956002,,,,"[240.8, 240.8, 296.6, 255.2]"
18.816666666666666,485956002,91.1987041036717,-655,950,
18.816666666666666,485956002,,,,"[235.4, 237.2, 293.0, 246.2]"
18.866666666666667,485956004,92.06263498920086,-645,938,
18.866666666666667,485956004,,,,"[235.4, 237.2, 296.6, 253.4]"
18.866666666666667,485956004,90.33477321814254,-891,920,
18.866666666666667,485956004,92.06263498920086,-645,938,
18.866666666666667,485956004,,,,"[235.4, 237.2, 296.6, 253.4]"
18.866666666666667,485956004,90.33477321814254,-891,920,
18.933333333333334,485956008,92.06263498920086,-657,902,
18.933333333333334,485956008,,,,"[237.2, 233.6, 293.0, 249.8]"
18.933333333333334,485956008,92.06263498920086,-579,893,
18.933333333333334,485956008,92.06263498920086,-657,902,
18.933333333333334,485956008,,,,"[237.2, 233.6, 293.0, 249.8]"
18.933333333333334,485956008,92.06263498920086,-579,893,
18.983333333333334,485956012,90.33477321814254,-647,867,
18.983333333333334,485956012,,,,"[233.6, 237.2, 293.0, 246.2]"
18.983333333333334,485956012,87.74298056155507,-667,857,
18.983333333333334,485956012,90.33477321814254,-647,867,
18.983333333333334,485956012,,,,"[233.6, 237.2, 293.0, 246.2]"
18.983333333333334,485956012,87.74298056155507,-667,857,
19.05,485956016,,,,"[233.6, 231.8, 287.6, 242.6]"
19.05,485956016,86.01511879049676,-265,842,
19.05,485956016,,,,"[231.8, 235.4, 291.2, 240.8]"
19.05,485956016,,,,"[233.6, 231.8, 287.6, 242.6]"
19.05,485956016,86.01511879049676,-265,842,
19.05,485956016,,,,"[231.8, 235.4, 291.2, 240.8]"
19.133333333333333,485956021,,,,"[235.4, 233.6, 291.2, 248.0]"
19.133333333333333,485956021,84.28725701943844,-413,815,
19.15,485956023,,,,"[231.8, 228.2, 287.6, 244.4]"
19.15,485956023,84.28725701943844,-384,807,
19.15,485956023,,,,"[231.8, 228.2, 293.0, 246.2]"
19.15,485956023,,,,"[231.8, 228.2, 287.6, 244.4]"
19.15,485956023,84.28725701943844,-384,807,
19.15,485956023,,,,"[231.8, 228.2, 293.0, 246.2]"
19.233333333333334,485956027,83.36933045356372,-681,771,
19.233333333333334,485956027,,,,"[231.8, 235.4, 293.0, 249.8]"
19.233333333333334,485956027,83.36933045356372,-643,761,
19.233333333333334,485956027,,,,"[228.2, 228.2, 282.2, 242.6]"
19.233333333333334,485956027,,,,"[231.8, 235.4, 293.0, 249.8]"
19.233333333333334,485956027,83.36933045356372,-643,761,
19.233333333333334,485956027,,,,"[228.2, 228.2, 282.2, 242.6]"
19.3,485956035,,,,"[228.2, 230.0, 282.2, 240.8]"
19.3,485956035,83.36933045356372,-699,724,
19.3,485956035,,,,"[224.6, 230.0, 280.4, 235.4]"
19.35,485956037,84.28725701943844,-758,709,
19.35,485956037,,,,"[231.8, 231.8, 287.6, 246.2]"
19.35,485956037,84.28725701943844,-719,697,
19.35,485956037,84.28725701943844,-983,674,
19.35,485956037,84.28725701943844,-758,709,
19.35,485956037,,,,"[231.8, 231.8, 287.6, 246.2]"
19.35,485956037,84.28725701943844,-719,697,
19.35,485956037,84.28725701943844,-983,674,
19.416666666666668,485956041,85.1511879049676,-1038,635,
19.416666666666668,485956041,,,,"[226.4, 228.2, 282.2, 233.6]"
19.416666666666668,485956041,86.01511879049676,-995,617,
19.416666666666668,485956041,85.1511879049676,-1038,635,
19.416666666666668,485956041,,,,"[226.4, 228.2, 282.2, 233.6]"
19.416666666666668,485956041,86.01511879049676,-995,617,
19.5,485956045,,,,"[224.6, 224.6, 285.8, 240.8]"
19.5,485956045,85.1511879049676,-763,578,
19.5,485956045,84.28725701943844,-1011,557,
19.516666666666666,485956048,,,,"[226.4, 226.4, 280.4, 242.6]"
19.516666666666666,485956048,,,,"[221.0, 224.6, 278.6, 230.0]"
19.516666666666666,485956048,86.01511879049676,-540,558,
19.516666666666666,485956048,,,,"[226.4, 226.4, 280.4, 242.6]"
19.516666666666666,485956048,,,,"[221.0, 224.6, 278.6, 230.0]"
19.516666666666666,485956048,86.01511879049676,-540,558,
19.583333333333332,485956052,,,,"[221.0, 224.6, 282.2, 231.8]"
19.583333333333332,485956052,83.36933045356372,-391,533,
19.583333333333332,485956052,,,,"[224.6, 224.6, 280.4, 237.2]"
19.583333333333332,485956052,,,,"[221.0, 224.6, 282.2, 231.8]"
19.583333333333332,485956052,83.36933045356372,-391,533,
19.583333333333332,485956052,,,,"[224.6, 224.6, 280.4, 237.2]"
19.666666666666668,485956056,,,,"[222.8, 224.6, 285.8, 240.8]"
19.666666666666668,485956056,81.6414686825054,-694,502,
19.666666666666668,485956056,,,,"[221.0, 221.0, 275.0, 231.8]"
19.666666666666668,485956056,80.77753779697625,-645,491,
19.683333333333334,485956058,,,,"[221.0, 226.4, 282.2, 235.4]"
19.683333333333334,485956058,80.77753779697625,-423,488,
19.683333333333334,485956058,,,,"[221.0, 226.4, 282.2, 235.4]"
19.683333333333334,485956058,80.77753779697625,-423,488,
19.75,485956062,75.5939524838013,-626,454,
19.75,485956062,,,,"[226.4, 221.0, 278.6, 235.4]"
19.75,485956062,75.5939524838013,-626,454,
19.75,485956062,,,,"[226.4, 221.0, 278.6, 235.4]"
19.833333333333332,485956066,73.81209503239741,-589,424,
19.833333333333332,485956066,,,,"[219.2, 222.8, 273.2, 231.8]"
19.833333333333332,485956066,72.94816414686825,-543,414,
19.85,485956068,,,,"[221.0, 217.4, 278.6, 235.4]"
19.85,485956068,72.94816414686825,-578,403,
19.85,485956068,,,,"[221.0, 217.4, 278.6, 235.4]"
19.85,485956068,72.94816414686825,-578,403,
19.916666666666668,485956072,,,,"[221.0, 217.4, 273.2, 231.8]"
19.916666666666668,485956072,73.81209503239741,-495,373,
19.916666666666668,485956072,,,,"[221.0, 222.8, 275.0, 230.0]"
19.916666666666668,485956072,,,,"[221.0, 217.4, 273.2, 231.8]"
19.916666666666668,485956072,73.81209503239741,-495,373,
19.916666666666668,485956072,,,,"[221.0, 222.8, 275.0, 230.0]"
20.0,485956076,,,,"[215.6, 215.6, 267.8, 222.8]"
20.0,485956076,72.0842332613391,-506,342,
20.0,485956076,69.49244060475162,-655,326,
20.0,485956076,,,,"[217.4, 221.0, 276.8, 230.0]"
20.016666666666666,485956078,67.7645788336933,-674,315,
20.016666666666666,485956078,,,,"[219.2, 221.0, 273.2, 226.4]"
20.016666666666666,485956078,67.7645788336933,-674,315,
20.016666666666666,485956078,,,,"[219.2, 221.0, 273.2, 226.4]"
20.1,485956082,59.93520518358531,-250,301,
20.1,485956082,,,,"[212.0, 219.2, 273.2, 226.4]"
20.1,485956082,58.207343412526996,-187,300,
20.1,485956082,59.93520518358531,-250,301,
20.1,485956082,,,,"[212.0, 219.2, 273.2, 226.4]"
20.1,485956082,58.207343412526996,-187,300,
20.183333333333334,485956087,,,,"[217.4, 221.0, 273.2, 230.0]"
20.183333333333334,485956087,53.83369330453563,3,306,
20.183333333333334,485956087,52.96976241900647,-6,307,
20.183333333333334,485956087,,,,"[217.4, 221.0, 273.2, 230.0]"
20.183333333333334,485956087,53.83369330453563,3,306,
20.183333333333334,485956087,52.96976241900647,-6,307,
20.233333333333334,485956091,46.92224622030237,0,307,
20.233333333333334,485956091,,,,"[217.4, 221.0, 267.8, 226.4]"
20.233333333333334,485956091,45.14038876889849,0,307,
20.233333333333334,485956091,46.92224622030237,0,307,
20.233333333333334,485956091,,,,"[217.4, 221.0, 267.8, 226.4]"
20.233333333333334,485956091,45.14038876889849,0,307,
20.3,485956099,42.54859611231102,0,307,
20.3,485956099,,,,"[210.2, 213.8, 266.0, 222.8]"
20.3,485956099,39.956803455723545,0,306,
20.3,485956099,42.54859611231102,0,307,
20.3,485956099,,,,"[210.2, 213.8, 266.0, 222.8]"
20.3,485956099,39.956803455723545,0,306,
20.383333333333333,485956103,38.22894168466523,1,307,
20.383333333333333,485956103,,,,"[217.4, 219.2, 267.8, 228.2]"
20.383333333333333,485956103,37.36501079913607,-11,306,
20.4,485956105,,,,"[210.2, 215.6, 266.0, 224.6]"
20.4,485956105,34.71922246220302,-24,306,
20.4,485956105,,,,"[213.8, 215.6, 269.6, 228.2]"
20.4,485956105,,,,"[210.2, 215.6, 266.0, 224.6]"
20.4,485956105,34.71922246220302,-24,306,
20.4,485956105,,,,"[213.8, 215.6, 269.6, 228.2]"
20.483333333333334,485956109,34.71922246220302,-19,305,
20.483333333333334,485956109,,,,"[210.2, 213.8, 267.8, 224.6]"
20.483333333333334,485956109,32.12742980561555,-6,306,
20.483333333333334,485956109,34.71922246220302,-19,305,
20.483333333333334,485956109,,,,"[210.2, 213.8, 267.8, 224.6]"
20.483333333333334,485956109,32.12742980561555,-6,306,
20.55,485956114,,,,"[213.8, 213.8, 266.0, 226.4]"
20.55,485956114,29.535637149028076,-4,305,
20.55,485956114,,,,"[213.8, 213.8, 266.0, 226.4]"
20.55,485956114,29.535637149028076,-4,305,
20.6,485956118,,,,"[206.6, 215.6, 260.6, 222.8]"
20.6,485956118,24.29805615550756,-12,306,
20.6,485956118,,,,"[206.6, 215.6, 260.6, 222.8]"
20.6,485956118,24.29805615550756,-12,306,
20.683333333333334,485956122,,,,"[208.4, 213.8, 267.8, 226.4]"
20.683333333333334,485956122,,,,"[204.8, 210.2, 260.6, 219.2]"
20.683333333333334,485956122,0.0,34,307,
20.683333333333334,485956122,,,,"[208.4, 213.8, 267.8, 226.4]"
20.683333333333334,485956122,,,,"[204.8, 210.2, 260.6, 219.2]"
20.683333333333334,485956122,0.0,34,307,
20.75,485956126,,,,"[208.4, 213.8, 260.6, 221.0]"
20.75,485956126,0.0,10,308,
20.75,485956126,,,,"[208.4, 213.8, 260.6, 221.0]"
20.75,485956126,0.0,10,308,
20.816666666666666,485956130,,,,"[206.6, 215.6, 264.2, 221.0]"
20.816666666666666,485956130,0.0,5,311,
20.816666666666666,485956130,,,,"[208.4, 215.6, 264.2, 228.2]"
20.816666666666666,485956130,,,,"[206.6, 215.6, 264.2, 221.0]"
20.816666666666666,485956130,0.0,5,311,
20.816666666666666,485956130,,,,"[208.4, 215.6, 264.2, 228.2]"
20.9,485956134,0.0,-19,307,
20.9,485956134,,,,"[208.4, 213.8, 260.6, 226.4]"
20.9,485956134,0.0,23,310,
20.933333333333334,485956136,,,,"[208.4, 217.4, 264.2, 221.0]"
20.933333333333334,485956136,0.0,-15,309,
20.933333333333334,485956136,,,,"[208.4, 219.2, 267.8, 228.2]"
20.933333333333334,485956136,0.0,-29,307,
20.933333333333334,485956136,,,,"[208.4, 217.4, 264.2, 221.0]"
20.933333333333334,485956136,0.0,-15,309,
20.933333333333334,485956136,,,,"[208.4, 219.2, 267.8, 228.2]"
20.933333333333334,485956136,0.0,-29,307,
21.0,485956140,0.0,-46,305,
21.0,485956140,,,,"[206.6, 215.6, 260.6, 222.8]"
21.0,485956140,0.0,-17,307,
21.0,485956140,,,,"[206.6, 215.6, 260.6, 222.8]"
21.0,485956140,0.0,-17,307,
21.05,485956144,,,,"[213.8, 221.0, 264.2, 228.2]"
21.05,485956144,0.0,-15,307,
21.05,485956144,,,,"[208.4, 222.8, 269.6, 224.6]"
