minutes,timestamp,hour,minute,second,asi,vsi
0.0,485957362,17,59,52,0.0,275
0.0,485957362,17,59,52,0.0,275
0.05,485957366,17,59,55,41.68466522678186,8
0.05,485957366,17,59,55,41.68466522678186,8
0.15,485957371,17,59,59,58.207343412526996,160
0.15,485957371,18,0,1,65.17278617710583,115
0.15,485957371,17,59,59,58.207343412526996,160
0.15,485957371,18,0,1,65.17278617710583,115
0.2,485957635,18,0,3,75.5939524838013,185
0.2,485957635,18,0,4,77.32181425485962,-16
0.2,485957635,18,0,3,75.5939524838013,185
0.2,485957635,18,0,4,77.32181425485962,-16
0.2833333333333333,485957639,18,0,8,90.33477321814254,328
0.2833333333333333,485957639,18,0,9,92.06263498920086,322
0.31666666666666665,485957641,18,0,11,94.7084233261339,834
0.31666666666666665,485957641,18,0,11,94.7084233261339,834
0.38333333333333336,485957645,18,0,14,99.02807775377968,1688
0.38333333333333336,485957645,18,0,15,99.89200863930884,1559
0.38333333333333336,485957645,18,0,14,99.02807775377968,1688
0.38333333333333336,485957645,18,0,15,99.89200863930884,1559
0.43333333333333335,485957649,18,0,18,100.755939524838,1228
0.43333333333333335,485957649,18,0,18,100.755939524838,1228
0.5166666666666667,485957653,18,0,22,104.26565874730022,1258
0.5166666666666667,485957653,18,0,23,104.26565874730022,1213
0.5166666666666667,485957653,18,0,22,104.26565874730022,1258
0.5166666666666667,485957653,18,0,23,104.26565874730022,1213
0.5666666666666667,485957657,18,0,26,106.8574514038877,1282
0.6166666666666667,485957659,18,0,28,107.72138228941685,1267
0.6166666666666667,485957659,18,0,29,107.72138228941685,1293
0.6166666666666667,485957659,18,0,29,107.72138228941685,1293
0.6666666666666666,485957663,18,0,32,106.8574514038877,1437
0.6666666666666666,485957663,18,0,32,106.8574514038877,1437
0.75,485957667,18,0,36,105.99352051835854,1360
0.75,485957667,18,0,37,105.12958963282938,1223
0.7666666666666667,485957669,18,0,38,106.8574514038877,1509
0.7666666666666667,485957669,18,0,38,106.8574514038877,1509
0.85,485957673,18,0,42,106.8574514038877,1371
0.85,485957673,18,0,43,106.8574514038877,1212
0.85,485957673,18,0,42,106.8574514038877,1371
0.85,485957673,18,0,43,106.8574514038877,1212
0.9166666666666666,485957677,18,0,47,110.31317494600432,742
0.95,485957680,18,0,48,111.17710583153348,738
0.95,485957680,18,0,49,112.0950323974082,662
0.95,485957680,18,0,48,111.17710583153348,738
0.95,485957680,18,0,49,112.0950323974082,662
1.0333333333333334,485957683,18,0,53,112.95896328293736,722
1.0333333333333334,485957683,18,0,54,111.17710583153348,353
1.0333333333333334,485957683,18,0,53,112.95896328293736,722
1.0333333333333334,485957683,18,0,54,111.17710583153348,353
1.1,485957688,18,0,56,112.0950323974082,1229
1.1,485957688,18,0,58,111.17710583153348,1017
1.1333333333333333,485957690,18,0,59,110.31317494600432,1286
1.1333333333333333,485957690,18,1,0,110.31317494600432,964
1.1333333333333333,485957690,18,0,59,110.31317494600432,1286
1.1333333333333333,485957690,18,1,0,110.31317494600432,964
1.2,485957698,18,1,3,109.44924406047517,829
1.2,485957698,18,1,4,110.31317494600432,891
1.2,485957698,18,1,3,109.44924406047517,829
1.2,485957698,18,1,4,110.31317494600432,891
1.2666666666666666,485957702,18,1,7,112.0950323974082,716
1.2666666666666666,485957702,18,1,8,111.17710583153348,493
1.3,485957704,18,1,9,112.0950323974082,708
1.3,485957704,18,1,10,111.17710583153348,726
1.3,485957704,18,1,9,112.0950323974082,708
1.3,485957704,18,1,10,111.17710583153348,726
1.3666666666666667,485957708,18,1,14,114.68682505399568,537
1.3666666666666667,485957708,18,1,14,114.68682505399568,537
1.4333333333333333,485957712,18,1,18,114.68682505399568,425
1.4666666666666666,485957714,18,1,19,113.82289416846652,406
1.4666666666666666,485957714,18,1,20,115.55075593952483,628
1.4666666666666666,485957714,18,1,19,113.82289416846652,406
1.4666666666666666,485957714,18,1,20,115.55075593952483,628
1.5166666666666666,485957718,18,1,23,116.41468682505399,337
1.5166666666666666,485957718,18,1,23,116.41468682505399,337
1.6,485957722,18,1,27,121.6522678185745,57
1.6,485957722,18,1,28,122.51619870410366,-97
1.6,485957722,18,1,27,121.6522678185745,57
1.6,485957722,18,1,28,122.51619870410366,-97
1.65,485957726,18,1,31,128.56371490280776,-92
1.65,485957726,18,1,31,128.56371490280776,-92
1.7333333333333334,485957730,18,1,36,127.6997840172786,-172
1.7666666666666666,485957732,18,1,37,127.6997840172786,5
1.7666666666666666,485957732,18,1,38,127.6997840172786,-273
1.7666666666666666,485957732,18,1,37,127.6997840172786,5
1.7666666666666666,485957732,18,1,38,127.6997840172786,-273
1.8333333333333333,485957736,18,1,41,127.6997840172786,-161
1.8333333333333333,485957736,18,1,42,125.97192224622029,-160
1.8333333333333333,485957736,18,1,41,127.6997840172786,-161
1.8333333333333333,485957736,18,1,42,125.97192224622029,-160
1.8833333333333333,485957740,18,1,45,126.83585313174945,42
1.9333333333333333,485957742,18,1,47,128.56371490280776,176
1.9333333333333333,485957742,18,1,48,126.83585313174945,-137
1.9333333333333333,485957742,18,1,47,128.56371490280776,176
1.9333333333333333,485957742,18,1,48,126.83585313174945,-137
1.9833333333333334,485957746,18,1,51,121.6522678185745,407
1.9833333333333334,485957746,18,1,51,121.6522678185745,407
2.066666666666667,485957751,18,1,55,118.1425485961123,69
2.066666666666667,485957751,18,1,56,118.1425485961123,103
2.066666666666667,485957751,18,1,55,118.1425485961123,69
2.066666666666667,485957751,18,1,56,118.1425485961123,103
2.15,485957755,18,2,0,119.00647948164146,66
2.15,485957755,18,2,1,117.27861771058315,121
2.15,485957755,18,2,0,119.00647948164146,66
2.15,485957755,18,2,1,117.27861771058315,121
2.216666666666667,485957763,18,2,4,115.55075593952483,68
2.216666666666667,485957763,18,2,5,116.41468682505399,251
2.2333333333333334,485957765,18,2,6,115.55075593952483,501
2.2333333333333334,485957765,18,2,6,115.55075593952483,501
2.316666666666667,485957769,18,2,10,113.82289416846652,180
2.316666666666667,485957769,18,2,11,113.82289416846652,262
2.316666666666667,485957769,18,2,10,113.82289416846652,180
2.316666666666667,485957769,18,2,11,113.82289416846652,262
2.3833333333333333,485957773,18,2,14,114.68682505399568,221
2.3833333333333333,485957773,18,2,15,113.82289416846652,179
2.4,485957775,18,2,16,113.82289416846652,233
2.4,485957775,18,2,16,113.82289416846652,233
2.4833333333333334,485957779,18,2,20,113.82289416846652,270
2.4833333333333334,485957779,18,2,21,112.95896328293736,221
2.4833333333333334,485957779,18,2,20,113.82289416846652,270
2.4833333333333334,485957779,18,2,21,112.95896328293736,221
2.533333333333333,485957783,18,2,24,112.95896328293736,375
2.5833333333333335,485957785,18,2,26,112.0950323974082,430
2.5833333333333335,485957785,18,2,27,112.95896328293736,281
2.5833333333333335,485957785,18,2,26,112.0950323974082,430
2.5833333333333335,485957785,18,2,27,112.95896328293736,281
2.6333333333333333,485957789,18,2,30,112.0950323974082,197
2.6333333333333333,485957789,18,2,30,112.0950323974082,197
2.716666666666667,485957793,18,2,34,112.0950323974082,356
2.716666666666667,485957793,18,2,35,112.0950323974082,415
2.75,485957795,18,2,37,112.95896328293736,435
2.75,485957795,18,2,37,112.95896328293736,435
2.8,485957799,18,2,40,113.82289416846652,497
2.8,485957799,18,2,40,113.82289416846652,497
2.8833333333333333,485957803,18,2,44,114.68682505399568,229
2.8833333333333333,485957803,18,2,45,115.55075593952483,175
2.9,485957805,18,2,46,115.55075593952483,177
2.9,485957805,18,2,46,115.55075593952483,177
2.966666666666667,485957809,18,2,50,115.55075593952483,188
2.966666666666667,485957809,18,2,50,115.55075593952483,188
3.05,485957813,18,2,53,112.0950323974082,207
3.05,485957813,18,2,55,112.0950323974082,316
3.0833333333333335,485957815,18,2,56,112.95896328293736,730
3.0833333333333335,485957815,18,2,57,111.17710583153348,764
3.0833333333333335,485957815,18,2,56,112.95896328293736,730
3.0833333333333335,485957815,18,2,57,111.17710583153348,764
3.15,485957824,18,3,1,106.8574514038877,1032
3.15,485957824,18,3,1,106.8574514038877,1032
3.2333333333333334,485957827,18,3,5,102.53779697624188,1019
3.2333333333333334,485957827,18,3,6,101.61987041036716,1023
3.25,485957830,18,3,7,99.89200863930884,1183
3.25,485957830,18,3,7,99.89200863930884,1183
3.316666666666667,485957834,18,3,11,92.06263498920086,1761
3.316666666666667,485957834,18,3,11,92.06263498920086,1761
3.4,485957838,18,3,16,83.36933045356372,1474
3.433333333333333,485957840,18,3,17,82.50539956803456,1331
3.433333333333333,485957840,18,3,18,81.6414686825054,1174
3.433333333333333,485957840,18,3,17,82.50539956803456,1331
3.433333333333333,485957840,18,3,18,81.6414686825054,1174
3.5,485957844,18,3,22,83.36933045356372,879
3.5,485957844,18,3,22,83.36933045356372,879
3.55,485957848,18,3,25,82.50539956803456,867
3.6,485957850,18,3,27,82.50539956803456,944
3.6,485957850,18,3,28,81.6414686825054,1047
3.6,485957850,18,3,27,82.50539956803456,944
3.6,485957850,18,3,28,81.6414686825054,1047
3.6666666666666665,485957854,18,3,32,79.04967602591793,1184
3.6666666666666665,485957854,18,3,32,79.04967602591793,1184
3.716666666666667,485957858,18,3,35,77.32181425485962,1124
3.7666666666666666,485957860,18,3,36,76.45788336933046,1116
3.7666666666666666,485957860,18,3,38,76.45788336933046,1034
3.7666666666666666,485957860,18,3,36,76.45788336933046,1116
3.7666666666666666,485957860,18,3,38,76.45788336933046,1034
3.8333333333333335,485957864,18,3,41,82.50539956803456,772
3.8333333333333335,485957864,18,3,42,86.87904967602591,150
3.8333333333333335,485957864,18,3,41,82.50539956803456,772
3.8333333333333335,485957864,18,3,42,86.87904967602591,150
3.9,485957868,18,3,46,99.89200863930884,-913
3.933333333333333,485957870,18,3,47,102.53779697624188,-1195
3.933333333333333,485957870,18,3,48,104.26565874730022,-1094
3.933333333333333,485957870,18,3,48,104.26565874730022,-1094
4.0,485957875,18,3,52,105.12958963282938,-282
4.0,485957875,18,3,52,105.12958963282938,-282
4.083333333333333,485957879,18,3,56,103.40172786177106,72
4.083333333333333,485957879,18,3,57,103.40172786177106,101
4.1,485957881,18,3,58,103.40172786177106,29
4.1,485957881,18,3,58,103.40172786177106,29
4.166666666666667,485957889,18,4,2,107.72138228941685,-8
4.166666666666667,485957889,18,4,2,107.72138228941685,-8
4.25,485957893,18,4,6,112.0950323974082,-127
4.25,485957893,18,4,7,113.82289416846652,-159
4.25,485957893,18,4,6,112.0950323974082,-127
4.25,485957893,18,4,7,113.82289416846652,-159
4.316666666666666,485957897,18,4,11,116.41468682505399,-181
4.316666666666666,485957897,18,4,11,116.41468682505399,-181
4.366666666666666,485957901,18,4,14,118.1425485961123,0
4.366666666666666,485957901,18,4,14,118.1425485961123,0
4.45,485957905,18,4,18,120.73434125269978,-102
4.45,485957905,18,4,19,120.73434125269978,-119
4.45,485957905,18,4,18,120.73434125269978,-102
4.45,485957905,18,4,19,120.73434125269978,-119
4.533333333333333,485957909,18,4,23,122.51619870410366,-120
4.533333333333333,485957909,18,4,24,122.51619870410366,146
4.533333333333333,485957909,18,4,23,122.51619870410366,-120
4.533333333333333,485957909,18,4,24,122.51619870410366,146
4.6,485957914,18,4,26,122.51619870410366,124
4.6,485957914,18,4,28,123.38012958963282,-148
4.633333333333334,485957916,18,4,29,124.24406047516197,-343
4.633333333333334,485957916,18,4,30,124.24406047516197,-285
4.633333333333334,485957916,18,4,29,124.24406047516197,-343
4.633333333333334,485957916,18,4,30,124.24406047516197,-285
4.7,485957920,18,4,32,125.97192224622029,-121
4.7,485957920,18,4,34,125.97192224622029,-76
4.7,485957920,18,4,32,125.97192224622029,-121
4.7,485957920,18,4,34,125.97192224622029,-76
4.75,485957924,18,4,36,125.97192224622029,-167
4.75,485957924,18,4,37,125.97192224622029,-90
4.8,485957926,18,4,39,125.97192224622029,-2
4.8,485957926,18,4,40,125.97192224622029,-99
4.8,485957926,18,4,39,125.97192224622029,-2
4.8,485957926,18,4,40,125.97192224622029,-99
4.85,485957930,18,4,43,125.97192224622029,-114
4.85,485957930,18,4,42,125.97192224622029,-11
4.85,485957930,18,4,43,125.97192224622029,-114
4.933333333333334,485957934,18,4,47,126.83585313174945,-113
4.933333333333334,485957934,18,4,48,126.83585313174945,-151
4.95,485957936,18,4,49,127.6997840172786,-135
4.95,485957936,18,4,49,127.6997840172786,-135
5.033333333333333,485957940,18,4,53,129.42764578833692,-499
5.033333333333333,485957940,18,4,54,130.34557235421167,-388
5.033333333333333,485957940,18,4,53,129.42764578833692,-499
5.033333333333333,485957940,18,4,54,130.34557235421167,-388
5.1,485957944,18,4,57,130.34557235421167,-347
5.1,485957944,18,4,58,131.20950323974083,-304
5.133333333333334,485957946,18,4,59,131.20950323974083,-269
5.133333333333334,485957946,18,5,0,131.20950323974083,-346
5.133333333333334,485957946,18,4,59,131.20950323974083,-269
5.133333333333334,485957946,18,5,0,131.20950323974083,-346
5.2,485957954,18,5,3,131.20950323974083,-463
5.2,485957954,18,5,4,132.07343412526998,-261
5.2,485957954,18,5,3,131.20950323974083,-463
5.2,485957954,18,5,4,132.07343412526998,-261
5.283333333333333,485957958,18,5,8,132.93736501079914,-426
5.283333333333333,485957958,18,5,9,132.93736501079914,-417
5.3,485957961,18,5,10,132.93736501079914,-349
5.3,485957961,18,5,10,132.93736501079914,-349
5.366666666666666,485957964,18,5,14,132.93736501079914,-302
5.366666666666666,485957964,18,5,14,132.93736501079914,-302
5.45,485957969,18,5,18,132.93736501079914,-202
5.45,485957969,18,5,19,132.07343412526998,-110
5.45,485957969,18,5,18,132.93736501079914,-202
5.45,485957969,18,5,19,132.07343412526998,-110
5.516666666666667,485957973,18,5,21,132.07343412526998,-47
5.516666666666667,485957973,18,5,23,132.93736501079914,-233
5.516666666666667,485957973,18,5,23,132.93736501079914,-233
5.566666666666666,485957977,18,5,26,132.93736501079914,-503
5.616666666666666,485957979,18,5,28,131.20950323974083,-631
5.616666666666666,485957979,18,5,29,128.56371490280776,-214
5.616666666666666,485957979,18,5,28,131.20950323974083,-631
5.616666666666666,485957979,18,5,29,128.56371490280776,-214
5.7,485957983,18,5,32,120.73434125269978,1841
5.7,485957983,18,5,34,116.41468682505399,1864
5.7,485957983,18,5,32,120.73434125269978,1841
5.7,485957983,18,5,34,116.41468682505399,1864
5.75,485957987,18,5,36,111.17710583153348,1755
5.75,485957987,18,5,37,108.58531317494601,1498
5.8,485957990,18,5,39,105.99352051835854,1427
5.8,485957990,18,5,40,102.53779697624188,1455
5.8,485957990,18,5,39,105.99352051835854,1427
5.8,485957990,18,5,40,102.53779697624188,1455
5.85,485957994,18,5,43,94.7084233261339,1768
5.85,485957994,18,5,43,94.7084233261339,1768
5.933333333333334,485957998,18,5,47,87.74298056155507,1724
5.933333333333334,485957998,18,5,48,85.1511879049676,1651
5.966666666666667,485958000,18,5,49,84.28725701943844,1486
5.966666666666667,485958000,18,5,50,82.50539956803456,1314
5.966666666666667,485958000,18,5,49,84.28725701943844,1486
5.966666666666667,485958000,18,5,50,82.50539956803456,1314
6.033333333333333,485958004,18,5,53,80.77753779697625,1111
6.033333333333333,485958004,18,5,54,79.91360691144709,1082
6.033333333333333,485958004,18,5,53,80.77753779697625,1111
6.033333333333333,485958004,18,5,54,79.91360691144709,1082
6.1,485958008,18,5,57,77.32181425485962,1051
6.1,485958008,18,5,58,76.45788336933046,1108
6.133333333333334,485958010,18,5,59,75.5939524838013,1161
6.133333333333334,485958010,18,6,0,74.73002159827215,1223
6.133333333333334,485958010,18,5,59,75.5939524838013,1161
6.133333333333334,485958010,18,6,0,74.73002159827215,1223
6.2,485958018,18,6,3,72.0842332613391,1367
6.2,485958018,18,6,4,69.49244060475162,1320
6.2,485958018,18,6,3,72.0842332613391,1367
6.2,485958018,18,6,4,69.49244060475162,1320
6.266666666666667,485958022,18,6,8,68.62850971922246,1091
6.266666666666667,485958022,18,6,8,68.62850971922246,1091
6.35,485958027,18,6,12,72.94816414686825,568
6.35,485958027,18,6,13,74.73002159827215,517
6.35,485958027,18,6,12,72.94816414686825,568
6.35,485958027,18,6,13,74.73002159827215,517
6.4,485958031,18,6,16,77.32181425485962,573
6.433333333333334,485958033,18,6,17,77.32181425485962,691
6.433333333333334,485958033,18,6,18,77.32181425485962,782
6.433333333333334,485958033,18,6,17,77.32181425485962,691
6.433333333333334,485958033,18,6,18,77.32181425485962,782
6.5,485958037,18,6,22,76.45788336933046,1113
6.5,485958037,18,6,21,77.32181425485962,1011
6.5,485958037,18,6,22,76.45788336933046,1113
6.583333333333333,485958040,18,6,26,73.81209503239741,1160
6.583333333333333,485958040,18,6,27,73.81209503239741,1081
6.6,485958043,18,6,28,73.81209503239741,973
6.6,485958043,18,6,28,73.81209503239741,973
6.683333333333334,485958047,18,6,32,75.5939524838013,816
6.683333333333334,485958047,18,6,33,75.5939524838013,800
6.683333333333334,485958047,18,6,32,75.5939524838013,816
6.683333333333334,485958047,18,6,33,75.5939524838013,800
6.75,485958051,18,6,36,76.45788336933046,793
6.75,485958051,18,6,37,76.45788336933046,817
6.783333333333333,485958054,18,6,38,77.32181425485962,865
6.783333333333333,485958054,18,6,39,76.45788336933046,902
6.783333333333333,485958054,18,6,38,77.32181425485962,865
6.783333333333333,485958054,18,6,39,76.45788336933046,902
6.85,485958058,18,6,42,76.45788336933046,934
6.85,485958058,18,6,43,76.45788336933046,935
6.85,485958058,18,6,42,76.45788336933046,934
6.85,485958058,18,6,43,76.45788336933046,935
6.916666666666667,485958062,18,6,47,76.45788336933046,968
6.916666666666667,485958062,18,6,47,76.45788336933046,968
6.983333333333333,485958066,18,6,51,75.5939524838013,1002
6.983333333333333,485958066,18,6,51,75.5939524838013,1002
7.066666666666666,485958070,18,6,56,74.73002159827215,988
7.1,485958072,18,6,57,74.73002159827215,941
7.1,485958072,18,6,58,74.73002159827215,901
7.1,485958072,18,6,57,74.73002159827215,941
7.1,485958072,18,6,58,74.73002159827215,901
7.166666666666667,485958081,18,7,2,74.73002159827215,862
7.166666666666667,485958081,18,7,2,74.73002159827215,862
7.25,485958085,18,7,5,74.73002159827215,949
7.25,485958085,18,7,7,73.81209503239741,963
7.283333333333333,485958087,18,7,8,72.94816414686825,985
7.283333333333333,485958087,18,7,9,72.94816414686825,984
7.283333333333333,485958087,18,7,8,72.94816414686825,985
7.283333333333333,485958087,18,7,9,72.94816414686825,984
7.35,485958091,18,7,11,72.94816414686825,930
7.35,485958091,18,7,13,73.81209503239741,903
7.35,485958091,18,7,11,72.94816414686825,930
7.35,485958091,18,7,13,73.81209503239741,903
7.4,485958095,18,7,16,74.73002159827215,716
7.4,485958095,18,7,16,74.73002159827215,716
7.483333333333333,485958100,18,7,20,76.45788336933046,744
7.483333333333333,485958100,18,7,21,76.45788336933046,754
7.483333333333333,485958100,18,7,20,76.45788336933046,744
7.483333333333333,485958100,18,7,21,76.45788336933046,754
7.566666666666666,485958104,18,7,25,76.45788336933046,800
7.566666666666666,485958104,18,7,26,76.45788336933046,835
7.583333333333333,485958106,18,7,27,76.45788336933046,824
7.583333333333333,485958106,18,7,27,76.45788336933046,824
7.65,485958110,18,7,31,75.5939524838013,927
7.65,485958110,18,7,31,75.5939524838013,927
7.733333333333333,485958115,18,7,36,75.5939524838013,804
7.766666666666667,485958116,18,7,37,75.5939524838013,803
7.766666666666667,485958116,18,7,38,75.5939524838013,752
7.8,485958119,18,7,40,76.45788336933046,772
7.8,485958119,18,7,40,76.45788336933046,772
7.866666666666666,485958123,18,7,43,76.45788336933046,754
7.866666666666666,485958123,18,7,44,76.45788336933046,795
7.866666666666666,485958123,18,7,43,76.45788336933046,754
7.866666666666666,485958123,18,7,44,76.45788336933046,795
7.95,485958127,18,7,48,76.45788336933046,882
7.95,485958127,18,7,49,76.45788336933046,904
7.95,485958127,18,7,48,76.45788336933046,882
7.95,485958127,18,7,49,76.45788336933046,904
8.016666666666667,485958131,18,7,52,75.5939524838013,901
8.016666666666667,485958131,18,7,53,74.73002159827215,914
8.05,485958133,18,7,54,74.73002159827215,940
8.05,485958133,18,7,55,74.73002159827215,925
8.05,485958133,18,7,54,74.73002159827215,940
8.05,485958133,18,7,55,74.73002159827215,925
8.116666666666667,485958137,18,7,58,73.81209503239741,901
8.116666666666667,485958137,18,7,59,74.73002159827215,886
8.116666666666667,485958137,18,7,58,73.81209503239741,901
8.116666666666667,485958137,18,7,59,74.73002159827215,886
8.2,485958145,18,8,3,74.73002159827215,786
8.2,485958145,18,8,4,74.73002159827215,814
8.216666666666667,485958148,18,8,5,74.73002159827215,776
8.216666666666667,485958148,18,8,5,74.73002159827215,776
8.283333333333333,485958152,18,8,9,74.73002159827215,764
8.283333333333333,485958152,18,8,9,74.73002159827215,764
8.366666666666667,485958156,18,8,14,75.5939524838013,887
8.366666666666667,485958156,18,8,14,75.5939524838013,887
8.416666666666666,485958160,18,8,17,74.73002159827215,969
8.416666666666666,485958160,18,8,17,74.73002159827215,969
8.5,485958164,18,8,21,75.5939524838013,1054
8.5,485958164,18,8,22,76.45788336933046,1105
8.5,485958164,18,8,21,75.5939524838013,1054
8.5,485958164,18,8,22,76.45788336933046,1105
8.566666666666666,485958168,18,8,26,74.73002159827215,1165
8.566666666666666,485958168,18,8,26,74.73002159827215,1165
8.633333333333333,485958172,18,8,30,73.81209503239741,1178
8.666666666666666,485958174,18,8,31,73.81209503239741,1144
8.666666666666666,485958174,18,8,32,72.94816414686825,1102
8.666666666666666,485958174,18,8,31,73.81209503239741,1144
8.666666666666666,485958174,18,8,32,72.94816414686825,1102
8.733333333333333,485958179,18,8,36,73.81209503239741,969
8.733333333333333,485958179,18,8,36,73.81209503239741,969
8.8,485958183,18,8,39,74.73002159827215,831
8.8,485958183,18,8,40,75.5939524838013,864
8.85,485958185,18,8,42,75.5939524838013,917
8.85,485958185,18,8,43,76.45788336933046,964
8.85,485958185,18,8,42,75.5939524838013,917
8.85,485958185,18,8,43,76.45788336933046,964
8.916666666666666,485958189,18,8,47,81.6414686825054,486
8.916666666666666,485958189,18,8,47,81.6414686825054,486
8.983333333333333,485958193,18,8,50,89.47084233261339,-27
8.983333333333333,485958193,18,8,51,92.06263498920086,-119
9.016666666666667,485958195,18,8,52,94.7084233261339,-119
9.016666666666667,485958195,18,8,53,95.57235421166305,-84
9.016666666666667,485958195,18,8,52,94.7084233261339,-119
9.016666666666667,485958195,18,8,53,95.57235421166305,-84
9.066666666666666,485958200,18,8,56,97.30021598272137,9
9.066666666666666,485958200,18,8,56,97.30021598272137,9
9.15,485958208,18,9,1,101.61987041036716,309
9.183333333333334,485958209,18,9,2,103.40172786177106,138
9.183333333333334,485958209,18,9,3,105.12958963282938,-522
9.183333333333334,485958209,18,9,2,103.40172786177106,138
9.183333333333334,485958209,18,9,3,105.12958963282938,-522
9.25,485958213,18,9,7,112.0950323974082,-955
9.25,485958213,18,9,7,112.0950323974082,-955
9.316666666666666,485958218,18,9,11,117.27861771058315,-731
9.366666666666667,485958220,18,9,12,119.00647948164146,-435
9.366666666666667,485958220,18,9,14,120.73434125269978,-337
9.366666666666667,485958220,18,9,12,119.00647948164146,-435
9.366666666666667,485958220,18,9,14,120.73434125269978,-337
9.416666666666666,485958224,18,9,17,122.51619870410366,-422
9.416666666666666,485958224,18,9,17,122.51619870410366,-422
9.483333333333333,485958228,18,9,21,123.38012958963282,-303
9.483333333333333,485958228,18,9,21,123.38012958963282,-303
9.566666666666666,485958232,18,9,24,125.97192224622029,-350
9.566666666666666,485958232,18,9,26,126.83585313174945,-525
9.566666666666666,485958232,18,9,24,125.97192224622029,-350
9.566666666666666,485958232,18,9,26,126.83585313174945,-525
9.616666666666667,485958236,18,9,29,131.20950323974083,-609
9.666666666666666,485958238,18,9,31,132.93736501079914,-736
9.666666666666666,485958238,18,9,32,134.66522678185746,-747
9.666666666666666,485958238,18,9,32,134.66522678185746,-747
9.733333333333333,485958242,18,9,36,139.90280777537797,-657
9.733333333333333,485958242,18,9,36,139.90280777537797,-657
9.8,485958247,18,9,39,145.95032397408207,-941
9.8,485958247,18,9,40,146.81425485961122,-863
9.85,485958248,18,9,42,146.81425485961122,-1358
9.85,485958248,18,9,43,148.54211663066954,-1202
9.85,485958248,18,9,42,146.81425485961122,-1358
9.85,485958248,18,9,43,148.54211663066954,-1202
9.9,485958253,18,9,46,149.4600431965443,-1003
9.9,485958253,18,9,46,149.4600431965443,-1003
9.966666666666667,485958257,18,9,50,150.32397408207345,-960
10.016666666666667,485958259,18,9,51,150.32397408207345,-949
10.016666666666667,485958259,18,9,53,150.32397408207345,-806
10.016666666666667,485958259,18,9,51,150.32397408207345,-949
10.016666666666667,485958259,18,9,53,150.32397408207345,-806
10.066666666666666,485958263,18,9,56,150.32397408207345,-879
10.066666666666666,485958263,18,9,56,150.32397408207345,-879
10.15,485958267,18,10,0,149.4600431965443,-817
10.15,485958267,18,10,1,149.4600431965443,-775
10.166666666666666,485958273,18,10,2,149.4600431965443,-825
10.166666666666666,485958273,18,10,2,149.4600431965443,-825
10.25,485958277,18,10,6,149.4600431965443,-848
10.25,485958277,18,10,7,149.4600431965443,-856
10.25,485958277,18,10,6,149.4600431965443,-848
10.25,485958277,18,10,7,149.4600431965443,-856
10.3,485958281,18,10,10,148.54211663066954,-917
10.35,485958283,18,10,12,148.54211663066954,-885
10.35,485958283,18,10,13,148.54211663066954,-870
10.35,485958283,18,10,12,148.54211663066954,-885
10.35,485958283,18,10,13,148.54211663066954,-870
10.433333333333334,485958287,18,10,16,148.54211663066954,-961
10.433333333333334,485958287,18,10,18,148.54211663066954,-968
10.433333333333334,485958287,18,10,16,148.54211663066954,-961
10.433333333333334,485958287,18,10,18,148.54211663066954,-968
10.483333333333333,485958291,18,10,20,149.4600431965443,-1000
10.483333333333333,485958291,18,10,21,149.4600431965443,-1048
10.483333333333333,485958291,18,10,20,149.4600431965443,-1000
10.483333333333333,485958291,18,10,21,149.4600431965443,-1048
10.55,485958296,18,10,25,149.4600431965443,-1025
10.55,485958296,18,10,25,149.4600431965443,-1025
10.633333333333333,485958300,18,10,28,150.32397408207345,-1039
10.633333333333333,485958300,18,10,30,150.32397408207345,-928
10.633333333333333,485958300,18,10,30,150.32397408207345,-928
10.683333333333334,485958304,18,10,33,150.32397408207345,-934
10.683333333333334,485958304,18,10,33,150.32397408207345,-934
10.766666666666667,485958308,18,10,37,152.05183585313176,-1148
10.766666666666667,485958308,18,10,38,152.05183585313176,-1230
10.766666666666667,485958308,18,10,37,152.05183585313176,-1148
10.766666666666667,485958308,18,10,38,152.05183585313176,-1230
10.833333333333334,485958312,18,10,41,152.91576673866092,-1149
10.833333333333334,485958312,18,10,42,152.91576673866092,-1124
10.866666666666667,485958314,18,10,43,153.77969762419008,-1131
10.866666666666667,485958314,18,10,44,153.77969762419008,-1144
10.866666666666667,485958314,18,10,43,153.77969762419008,-1131
10.866666666666667,485958314,18,10,44,153.77969762419008,-1144
10.933333333333334,485958318,18,10,47,152.91576673866092,-1190
10.933333333333334,485958318,18,10,48,153.77969762419008,-1222
10.933333333333334,485958318,18,10,47,152.91576673866092,-1190
10.933333333333334,485958318,18,10,48,153.77969762419008,-1222
10.983333333333333,485958322,18,10,51,153.77969762419008,-1284
10.983333333333333,485958322,18,10,51,153.77969762419008,-1284
11.066666666666666,485958326,18,10,55,154.64362850971924,-1221
11.066666666666666,485958326,18,10,56,154.64362850971924,-1192
11.066666666666666,485958326,18,10,55,154.64362850971924,-1221
11.066666666666666,485958326,18,10,56,154.64362850971924,-1192
11.066666666666666,485958330,18,10,60,154.64362850971924,-1145
11.066666666666666,485958330,18,10,60,154.64362850971924,-1145
11.2,485958338,18,11,3,154.64362850971924,-1126
11.2,485958338,18,11,4,154.64362850971924,-1092
11.2,485958338,18,11,3,154.64362850971924,-1126
11.2,485958338,18,11,4,154.64362850971924,-1092
11.266666666666667,485958342,18,11,7,154.64362850971924,-1024
11.266666666666667,485958342,18,11,8,153.77969762419008,-940
11.283333333333333,485958344,18,11,9,152.91576673866092,-1026
11.283333333333333,485958344,18,11,9,152.91576673866092,-1026
11.366666666666667,485958349,18,11,13,149.4600431965443,-915
11.366666666666667,485958349,18,11,14,150.32397408207345,-952
11.366666666666667,485958349,18,11,13,149.4600431965443,-915
11.366666666666667,485958349,18,11,14,150.32397408207345,-952
11.433333333333334,485958353,18,11,17,149.4600431965443,-1066
11.433333333333334,485958353,18,11,18,149.4600431965443,-1247
11.466666666666667,485958355,18,11,19,149.4600431965443,-1159
11.466666666666667,485958355,18,11,20,149.4600431965443,-1364
11.466666666666667,485958355,18,11,19,149.4600431965443,-1159
11.466666666666667,485958355,18,11,20,149.4600431965443,-1364
11.533333333333333,485958358,18,11,23,149.4600431965443,-1377
11.533333333333333,485958358,18,11,24,148.54211663066954,-1486
11.533333333333333,485958358,18,11,23,149.4600431965443,-1377
11.533333333333333,485958358,18,11,24,148.54211663066954,-1486
11.616666666666667,485958363,18,11,27,147.67818574514038,-921
11.616666666666667,485958363,18,11,29,144.22246220302375,-379
11.633333333333333,485958365,18,11,30,143.3585313174946,-311
11.633333333333333,485958365,18,11,30,143.3585313174946,-311
11.716666666666667,485958369,18,11,34,139.90280777537797,-397
11.716666666666667,485958369,18,11,35,139.90280777537797,-539
11.716666666666667,485958369,18,11,34,139.90280777537797,-397
11.716666666666667,485958369,18,11,35,139.90280777537797,-539
11.766666666666667,485958372,18,11,37,138.98488120950324,-713
11.766666666666667,485958372,18,11,38,138.98488120950324,-587
11.783333333333333,485958374,18,11,39,138.98488120950324,-706
11.783333333333333,485958374,18,11,39,138.98488120950324,-706
11.866666666666667,485958379,18,11,43,138.98488120950324,-794
11.866666666666667,485958379,18,11,44,139.90280777537797,-723
11.866666666666667,485958379,18,11,43,138.98488120950324,-794
11.866666666666667,485958379,18,11,44,139.90280777537797,-723
11.933333333333334,485958383,18,11,48,138.98488120950324,-797
11.966666666666667,485958385,18,11,49,138.12095032397409,-771
11.966666666666667,485958385,18,11,50,138.12095032397409,-729
11.966666666666667,485958385,18,11,50,138.12095032397409,-729
12.033333333333333,485958389,18,11,54,138.12095032397409,-707
12.033333333333333,485958389,18,11,53,138.12095032397409,-655
12.033333333333333,485958389,18,11,54,138.12095032397409,-707
12.1,485958393,18,11,58,137.25701943844493,-613
12.1,485958393,18,11,58,137.25701943844493,-613
12.15,485958400,18,12,1,136.39308855291577,-681
12.15,485958400,18,12,1,136.39308855291577,-681
12.233333333333333,485958405,18,12,5,137.25701943844493,-732
12.233333333333333,485958405,18,12,6,137.25701943844493,-765
12.266666666666667,485958406,18,12,8,137.25701943844493,-778
12.266666666666667,485958406,18,12,8,137.25701943844493,-778
12.316666666666666,485958410,18,12,11,135.5291576673866,-512
12.316666666666666,485958410,18,12,11,135.5291576673866,-512
12.4,485958414,18,12,15,133.8012958963283,-287
12.4,485958414,18,12,16,132.93736501079914,-277
12.416666666666666,485958416,18,12,17,132.07343412526998,-413
12.416666666666666,485958416,18,12,17,132.07343412526998,-413
12.5,485958420,18,12,21,131.20950323974083,-427
12.5,485958420,18,12,22,130.34557235421167,-445
12.5,485958420,18,12,21,131.20950323974083,-427
12.5,485958420,18,12,22,130.34557235421167,-445
12.566666666666666,485958424,18,12,26,131.20950323974083,-567
12.566666666666666,485958424,18,12,26,131.20950323974083,-567
12.633333333333333,485958429,18,12,29,131.20950323974083,-725
12.633333333333333,485958429,18,12,30,132.07343412526998,-641
12.633333333333333,485958429,18,12,29,131.20950323974083,-725
12.633333333333333,485958429,18,12,30,132.07343412526998,-641
12.7,485958432,18,12,33,132.07343412526998,-739
12.7,485958432,18,12,34,132.07343412526998,-601
12.733333333333333,485958434,18,12,35,132.07343412526998,-575
12.733333333333333,485958434,18,12,36,132.07343412526998,-688
12.733333333333333,485958434,18,12,35,132.07343412526998,-575
12.733333333333333,485958434,18,12,36,132.07343412526998,-688
12.8,485958438,18,12,40,131.20950323974083,-276
12.8,485958438,18,12,39,131.20950323974083,-597
12.8,485958438,18,12,40,131.20950323974083,-276
12.866666666666667,485958442,18,12,44,130.34557235421167,-816
12.9,485958444,18,12,45,130.34557235421167,-472
12.9,485958444,18,12,46,129.42764578833692,-648
12.9,485958444,18,12,45,130.34557235421167,-472
12.9,485958444,18,12,46,129.42764578833692,-648
12.966666666666667,485958449,18,12,50,129.42764578833692,-494
12.966666666666667,485958449,18,12,50,129.42764578833692,-494
13.05,485958452,18,12,53,130.34557235421167,-562
13.05,485958452,18,12,55,130.34557235421167,-682
13.05,485958452,18,12,53,130.34557235421167,-562
13.05,485958452,18,12,55,130.34557235421167,-682
13.1,485958457,18,12,57,129.42764578833692,-838
13.1,485958457,18,12,58,128.56371490280776,-519
13.1,485958457,18,12,58,128.56371490280776,-519
13.166666666666666,485958465,18,13,2,126.83585313174945,-136
13.2,485958467,18,13,3,125.97192224622029,-180
13.2,485958467,18,13,4,125.97192224622029,-274
13.2,485958467,18,13,3,125.97192224622029,-180
13.2,485958467,18,13,4,125.97192224622029,-274
13.266666666666667,485958471,18,13,8,122.51619870410366,-39
13.266666666666667,485958471,18,13,8,122.51619870410366,-39
13.35,485958475,18,13,12,120.73434125269978,-105
13.35,485958475,18,13,13,119.87041036717062,-98
13.366666666666667,485958477,18,13,14,119.87041036717062,-174
13.366666666666667,485958477,18,13,14,119.87041036717062,-174
13.433333333333334,485958481,18,13,18,119.00647948164146,-178
13.433333333333334,485958481,18,13,18,119.00647948164146,-178
13.516666666666667,485958485,18,13,22,118.1425485961123,-236
13.516666666666667,485958485,18,13,23,119.00647948164146,-221
13.533333333333333,485958487,18,13,24,118.1425485961123,-178
13.533333333333333,485958487,18,13,24,118.1425485961123,-178
13.6,485958490,18,13,28,119.00647948164146,-144
13.6,485958490,18,13,28,119.00647948164146,-144
13.666666666666666,485958494,18,13,31,119.00647948164146,-127
13.666666666666666,485958494,18,13,32,118.1425485961123,-129
13.666666666666666,485958494,18,13,31,119.00647948164146,-127
13.666666666666666,485958494,18,13,32,118.1425485961123,-129
13.733333333333333,485958499,18,13,36,119.87041036717062,-32
13.733333333333333,485958499,18,13,36,119.87041036717062,-32
13.8,485958503,18,13,40,120.73434125269978,112
13.833333333333334,485958505,18,13,41,120.73434125269978,194
13.833333333333334,485958505,18,13,42,120.73434125269978,246
13.833333333333334,485958505,18,13,42,120.73434125269978,246
13.9,485958509,18,13,46,120.73434125269978,150
13.9,485958509,18,13,46,120.73434125269978,150
13.966666666666667,485958513,18,13,50,122.51619870410366,274
14.0,485958515,18,13,51,123.38012958963282,-91
14.0,485958515,18,13,52,125.10799136069113,-166
14.0,485958515,18,13,51,123.38012958963282,-91
14.0,485958515,18,13,52,125.10799136069113,-166
14.066666666666666,485958519,18,13,56,127.6997840172786,-274
14.066666666666666,485958519,18,13,56,127.6997840172786,-274
14.116666666666667,485958523,18,13,59,127.6997840172786,-328
14.166666666666666,485958528,18,14,1,128.56371490280776,-245
14.166666666666666,485958528,18,14,2,128.56371490280776,-306
14.166666666666666,485958528,18,14,1,128.56371490280776,-245
14.166666666666666,485958528,18,14,2,128.56371490280776,-306
14.25,485958533,18,14,5,129.42764578833692,-316
14.25,485958533,18,14,7,129.42764578833692,-304
14.25,485958533,18,14,5,129.42764578833692,-316
14.25,485958533,18,14,7,129.42764578833692,-304
14.3,485958537,18,14,9,130.34557235421167,-258
14.3,485958537,18,14,10,129.42764578833692,-227
14.333333333333334,485958538,18,14,11,129.42764578833692,-214
14.333333333333334,485958538,18,14,12,129.42764578833692,-233
14.333333333333334,485958538,18,14,11,129.42764578833692,-214
14.333333333333334,485958538,18,14,12,129.42764578833692,-233
14.4,485958542,18,14,15,129.42764578833692,-295
14.4,485958542,18,14,16,129.42764578833692,-304
14.4,485958542,18,14,15,129.42764578833692,-295
14.4,485958542,18,14,16,129.42764578833692,-304
14.466666666666667,485958546,18,14,20,130.34557235421167,-318
14.5,485958548,18,14,21,130.34557235421167,-294
14.5,485958548,18,14,22,130.34557235421167,-270
14.5,485958548,18,14,22,130.34557235421167,-270
14.55,485958552,18,14,25,130.34557235421167,-205
14.55,485958552,18,14,25,130.34557235421167,-205
14.633333333333333,485958556,18,14,29,129.42764578833692,-206
14.633333333333333,485958556,18,14,30,129.42764578833692,-196
14.666666666666666,485958558,18,14,31,129.42764578833692,-203
14.666666666666666,485958558,18,14,32,129.42764578833692,-190
14.666666666666666,485958558,18,14,31,129.42764578833692,-203
14.666666666666666,485958558,18,14,32,129.42764578833692,-190
14.716666666666667,485958562,18,14,35,129.42764578833692,-158
14.716666666666667,485958562,18,14,35,129.42764578833692,-158
14.8,485958566,18,14,39,127.6997840172786,-244
14.8,485958566,18,14,40,126.83585313174945,147
14.816666666666666,485958568,18,14,41,125.10799136069113,54
14.816666666666666,485958568,18,14,41,125.10799136069113,54
14.883333333333333,485958572,18,14,45,120.73434125269978,382
14.883333333333333,485958572,18,14,45,120.73434125269978,382
14.966666666666667,485958576,18,14,49,119.00647948164146,121
14.966666666666667,485958576,18,14,50,119.00647948164146,181
14.983333333333333,485958578,18,14,51,119.00647948164146,148
14.983333333333333,485958578,18,14,51,119.00647948164146,148
15.066666666666666,485958582,18,14,55,118.1425485961123,125
15.066666666666666,485958582,18,14,56,118.1425485961123,42
15.066666666666666,485958582,18,14,55,118.1425485961123,125
15.066666666666666,485958582,18,14,56,118.1425485961123,42
15.116666666666667,485958586,18,14,59,119.00647948164146,5
15.166666666666666,485958592,18,15,0,119.00647948164146,18
15.166666666666666,485958592,18,15,2,119.87041036717062,2
15.166666666666666,485958592,18,15,2,119.87041036717062,2
15.216666666666667,485958596,18,15,5,122.51619870410366,-141
15.216666666666667,485958596,18,15,5,122.51619870410366,-141
15.3,485958600,18,15,9,123.38012958963282,-126
15.3,485958600,18,15,10,123.38012958963282,-193
15.3,485958600,18,15,9,123.38012958963282,-126
15.3,485958600,18,15,10,123.38012958963282,-193
15.35,485958604,18,15,13,124.24406047516197,-69
15.35,485958604,18,15,13,124.24406047516197,-69
15.416666666666666,485958608,18,15,17,124.24406047516197,51
15.416666666666666,485958608,18,15,17,124.24406047516197,51
15.5,485958612,18,15,21,122.51619870410366,110
15.5,485958612,18,15,22,122.51619870410366,99
15.516666666666667,485958614,18,15,23,123.38012958963282,63
15.516666666666667,485958614,18,15,23,123.38012958963282,63
15.583333333333334,485958618,18,15,27,122.51619870410366,108
15.583333333333334,485958618,18,15,27,122.51619870410366,108
15.65,485958622,18,15,31,121.6522678185745,182
15.65,485958622,18,15,31,121.6522678185745,182
15.716666666666667,485958625,18,15,34,121.6522678185745,127
15.716666666666667,485958625,18,15,35,120.73434125269978,48
15.716666666666667,485958625,18,15,34,121.6522678185745,127
15.716666666666667,485958625,18,15,35,120.73434125269978,48
15.783333333333333,485958629,18,15,39,121.6522678185745,103
15.816666666666666,485958632,18,15,40,120.73434125269978,-40
15.816666666666666,485958632,18,15,41,120.73434125269978,-151
15.816666666666666,485958632,18,15,40,120.73434125269978,-40
15.816666666666666,485958632,18,15,41,120.73434125269978,-151
15.866666666666667,485958635,18,15,44,122.51619870410366,-39
15.866666666666667,485958635,18,15,44,122.51619870410366,-39
15.933333333333334,485958639,18,15,48,126.83585313174945,-487
15.983333333333333,485958641,18,15,49,127.6997840172786,-681
15.983333333333333,485958641,18,15,51,127.6997840172786,-634
15.983333333333333,485958641,18,15,49,127.6997840172786,-681
15.983333333333333,485958641,18,15,51,127.6997840172786,-634
16.033333333333335,485958645,18,15,54,131.20950323974083,-418
16.033333333333335,485958645,18,15,54,131.20950323974083,-418
16.116666666666667,485958649,18,15,58,131.20950323974083,-253
16.116666666666667,485958649,18,15,59,131.20950323974083,-225
16.116666666666667,485958649,18,15,58,131.20950323974083,-253
16.116666666666667,485958649,18,15,59,131.20950323974083,-225
16.183333333333334,485958657,18,16,3,131.20950323974083,-195
16.183333333333334,485958657,18,16,3,131.20950323974083,-195
16.233333333333334,485958661,18,16,6,129.42764578833692,-145
16.283333333333335,485958663,18,16,8,128.56371490280776,-1
16.283333333333335,485958663,18,16,9,129.42764578833692,308
16.283333333333335,485958663,18,16,8,128.56371490280776,-1
16.283333333333335,485958663,18,16,9,129.42764578833692,308
16.333333333333332,485958667,18,16,12,127.6997840172786,-31
16.333333333333332,485958667,18,16,12,127.6997840172786,-31
16.416666666666668,485958671,18,16,16,126.83585313174945,-102
16.416666666666668,485958671,18,16,17,125.97192224622029,-44
16.433333333333334,485958673,18,16,18,125.97192224622029,-184
16.433333333333334,485958673,18,16,18,125.97192224622029,-184
16.516666666666666,485958677,18,16,22,125.97192224622029,-61
16.516666666666666,485958677,18,16,23,125.97192224622029,10
16.516666666666666,485958677,18,16,22,125.97192224622029,-61
16.516666666666666,485958677,18,16,23,125.97192224622029,10
16.583333333333332,485958681,18,16,26,125.10799136069113,-47
16.583333333333332,485958681,18,16,27,125.10799136069113,-49
16.583333333333332,485958681,18,16,26,125.10799136069113,-47
16.583333333333332,485958681,18,16,27,125.10799136069113,-49
16.633333333333333,485958685,18,16,30,125.10799136069113,-75
16.633333333333333,485958685,18,16,30,125.10799136069113,-75
16.683333333333334,485958689,18,16,33,125.97192224622029,-29
16.683333333333334,485958689,18,16,33,125.97192224622029,-29
16.766666666666666,485958693,18,16,37,125.97192224622029,-153
16.766666666666666,485958693,18,16,38,125.97192224622029,-151
16.766666666666666,485958693,18,16,37,125.97192224622029,-153
16.766666666666666,485958693,18,16,38,125.97192224622029,-151
16.85,485958697,18,16,42,125.97192224622029,-193
16.85,485958697,18,16,43,125.97192224622029,-251
16.866666666666667,485958699,18,16,44,125.97192224622029,-155
16.866666666666667,485958699,18,16,44,125.97192224622029,-155
16.933333333333334,485958703,18,16,48,125.97192224622029,-132
16.933333333333334,485958703,18,16,48,125.97192224622029,-132
17.0,485958706,18,16,51,125.97192224622029,-84
17.0,485958706,18,16,52,126.83585313174945,-128
17.05,485958708,18,16,54,125.97192224622029,-141
17.05,485958708,18,16,55,126.83585313174945,-113
17.066666666666666,485958711,18,16,56,126.83585313174945,-50
17.066666666666666,485958711,18,16,56,126.83585313174945,-50
17.066666666666666,485958714,18,16,60,125.10799136069113,-325
17.066666666666666,485958714,18,16,60,125.10799136069113,-325
17.2,485958722,18,17,3,125.97192224622029,-6
17.2,485958722,18,17,4,125.97192224622029,-102
17.2,485958722,18,17,3,125.97192224622029,-6
17.2,485958722,18,17,4,125.97192224622029,-102
17.25,485958726,18,17,7,125.97192224622029,-519
17.3,485958728,18,17,9,126.83585313174945,-656
17.3,485958728,18,17,10,128.56371490280776,-550
17.3,485958728,18,17,9,126.83585313174945,-656
17.3,485958728,18,17,10,128.56371490280776,-550
17.35,485958731,18,17,12,131.20950323974083,-642
17.35,485958731,18,17,13,131.20950323974083,-641
17.35,485958731,18,17,12,131.20950323974083,-642
17.35,485958731,18,17,13,131.20950323974083,-641
17.416666666666668,485958735,18,17,16,132.07343412526998,-731
17.416666666666668,485958735,18,17,17,132.07343412526998,-704
17.45,485958737,18,17,18,132.07343412526998,-828
17.45,485958737,18,17,19,132.07343412526998,-984
17.45,485958737,18,17,18,132.07343412526998,-828
17.45,485958737,18,17,19,132.07343412526998,-984
17.516666666666666,485958741,18,17,22,132.07343412526998,-985
17.516666666666666,485958741,18,17,23,131.20950323974083,-930
17.516666666666666,485958741,18,17,23,131.20950323974083,-930
17.566666666666666,485958745,18,17,26,130.34557235421167,-1025
17.566666666666666,485958745,18,17,26,130.34557235421167,-1025
17.633333333333333,485958749,18,17,29,130.34557235421167,-1056
17.633333333333333,485958749,18,17,30,130.34557235421167,-1093
17.633333333333333,485958749,18,17,29,130.34557235421167,-1056
17.633333333333333,485958749,18,17,30,130.34557235421167,-1093
17.7,485958753,18,17,34,131.20950323974083,-917
17.733333333333334,485958754,18,17,35,130.34557235421167,-1085
17.733333333333334,485958754,18,17,36,129.42764578833692,-1072
17.733333333333334,485958754,18,17,35,130.34557235421167,-1085
17.733333333333334,485958754,18,17,36,129.42764578833692,-1072
17.783333333333335,485958758,18,17,39,127.6997840172786,-1100
17.783333333333335,485958758,18,17,39,127.6997840172786,-1100
17.866666666666667,485958762,18,17,43,125.97192224622029,-426
17.866666666666667,485958762,18,17,44,125.97192224622029,-107
17.883333333333333,485958764,18,17,45,125.10799136069113,175
17.883333333333333,485958764,18,17,45,125.10799136069113,175
17.966666666666665,485958768,18,17,49,119.00647948164146,-403
17.966666666666665,485958768,18,17,50,119.00647948164146,-376
17.966666666666665,485958768,18,17,49,119.00647948164146,-403
17.966666666666665,485958768,18,17,50,119.00647948164146,-376
18.033333333333335,485958772,18,17,53,116.41468682505399,-231
18.033333333333335,485958772,18,17,54,114.68682505399568,-202
18.05,485958774,18,17,55,114.68682505399568,-49
18.05,485958774,18,17,55,114.68682505399568,-49
18.133333333333333,485958777,18,17,59,110.31317494600432,293
18.133333333333333,485958777,18,18,0,108.58531317494601,223
18.133333333333333,485958777,18,17,59,110.31317494600432,293
18.133333333333333,485958777,18,18,0,108.58531317494601,223
18.183333333333334,485958785,18,18,2,107.72138228941685,10
18.183333333333334,485958785,18,18,3,108.58531317494601,-53
18.183333333333334,485958785,18,18,2,107.72138228941685,10
18.183333333333334,485958785,18,18,3,108.58531317494601,-53
18.233333333333334,485958789,18,18,6,107.72138228941685,-11
18.233333333333334,485958789,18,18,6,107.72138228941685,-11
18.3,485958793,18,18,10,105.12958963282938,-480
18.3,485958793,18,18,10,105.12958963282938,-480
18.383333333333333,485958797,18,18,14,105.12958963282938,-239
18.383333333333333,485958797,18,18,15,105.12958963282938,-130
18.416666666666668,485958799,18,18,16,104.26565874730022,-260
18.416666666666668,485958799,18,18,17,105.12958963282938,-308
18.416666666666668,485958799,18,18,16,104.26565874730022,-260
18.416666666666668,485958799,18,18,17,105.12958963282938,-308
18.483333333333334,485958803,18,18,21,103.40172786177106,-163
18.483333333333334,485958803,18,18,20,105.12958963282938,-129
18.483333333333334,485958803,18,18,21,103.40172786177106,-163
18.533333333333335,485958807,18,18,24,103.40172786177106,-119
18.533333333333335,485958807,18,18,24,103.40172786177106,-119
18.6,485958811,18,18,28,101.61987041036716,-58
18.6,485958811,18,18,28,101.61987041036716,-58
18.666666666666668,485958814,18,18,32,101.61987041036716,53
18.7,485958817,18,18,33,100.755939524838,24
18.7,485958817,18,18,34,99.89200863930884,36
18.7,485958817,18,18,34,99.89200863930884,36
18.766666666666666,485958820,18,18,38,99.02807775377968,-86
18.766666666666666,485958820,18,18,37,99.02807775377968,-44
18.766666666666666,485958820,18,18,38,99.02807775377968,-86
18.85,485958824,18,18,42,100.755939524838,-334
18.85,485958824,18,18,43,100.755939524838,-234
18.866666666666667,485958827,18,18,44,99.02807775377968,-217
18.866666666666667,485958827,18,18,44,99.02807775377968,-217
18.95,485958831,18,18,48,99.02807775377968,21
18.95,485958831,18,18,49,99.89200863930884,-127
18.95,485958831,18,18,48,99.02807775377968,21
18.95,485958831,18,18,49,99.89200863930884,-127
19.016666666666666,485958835,18,18,53,98.16414686825053,-362
19.033333333333335,485958837,18,18,54,99.89200863930884,-198
19.033333333333335,485958837,18,18,54,99.89200863930884,-198
19.1,485958841,18,18,57,98.16414686825053,-174
19.1,485958841,18,18,58,97.30021598272137,-289
19.1,485958841,18,18,58,97.30021598272137,-289
19.183333333333334,485958849,18,19,2,96.43628509719221,-721
19.183333333333334,485958849,18,19,3,98.16414686825053,-283
19.183333333333334,485958849,18,19,2,96.43628509719221,-721
19.183333333333334,485958849,18,19,3,98.16414686825053,-283
19.25,485958853,18,19,6,98.16414686825053,-372
19.25,485958853,18,19,7,99.89200863930884,-183
19.25,485958853,18,19,6,98.16414686825053,-372
19.25,485958853,18,19,7,99.89200863930884,-183
19.316666666666666,485958857,18,19,11,100.755939524838,-79
19.35,485958859,18,19,12,99.89200863930884,-27
19.35,485958859,18,19,13,97.30021598272137,0
19.35,485958859,18,19,13,97.30021598272137,0
19.416666666666668,485958864,18,19,17,96.43628509719221,57
19.416666666666668,485958864,18,19,17,96.43628509719221,57
19.5,485958868,18,19,21,95.57235421166305,136
19.5,485958868,18,19,22,93.84449244060474,-7
19.533333333333335,485958870,18,19,23,94.7084233261339,83
19.533333333333335,485958870,18,19,24,94.7084233261339,88
19.533333333333335,485958870,18,19,23,94.7084233261339,83
19.533333333333335,485958870,18,19,24,94.7084233261339,88
19.6,485958874,18,19,27,92.92656587473002,-25
19.6,485958874,18,19,28,93.84449244060474,-152
19.6,485958874,18,19,27,92.92656587473002,-25
19.6,485958874,18,19,28,93.84449244060474,-152
19.666666666666668,485958878,18,19,31,92.06263498920086,-364
19.666666666666668,485958878,18,19,32,92.06263498920086,-516
19.666666666666668,485958878,18,19,31,92.06263498920086,-364
19.666666666666668,485958878,18,19,32,92.06263498920086,-516
19.733333333333334,485958882,18,19,36,93.84449244060474,-651
19.733333333333334,485958882,18,19,36,93.84449244060474,-651
19.8,485958886,18,19,39,89.47084233261339,-559
19.8,485958886,18,19,40,87.74298056155507,-640
19.816666666666666,485958888,18,19,41,86.87904967602591,-616
19.816666666666666,485958888,18,19,41,86.87904967602591,-616
19.883333333333333,485958892,18,19,45,86.87904967602591,-730
19.883333333333333,485958892,18,19,45,86.87904967602591,-730
19.966666666666665,485958896,18,19,50,86.01511879049676,-801
20.0,485958898,18,19,51,86.01511879049676,-833
20.0,485958898,18,19,52,86.87904967602591,-941
20.0,485958898,18,19,51,86.01511879049676,-833
20.0,485958898,18,19,52,86.87904967602591,-941
20.066666666666666,485958902,18,19,55,88.60691144708423,-1012
20.066666666666666,485958902,18,19,56,88.60691144708423,-969
20.066666666666666,485958902,18,19,56,88.60691144708423,-969
20.133333333333333,485958906,18,19,59,86.87904967602591,-500
20.133333333333333,485958906,18,20,0,86.01511879049676,-296
20.133333333333333,485958906,18,19,59,86.87904967602591,-500
20.133333333333333,485958906,18,20,0,86.01511879049676,-296
20.216666666666665,485958914,18,20,3,81.6414686825054,-218
20.216666666666665,485958914,18,20,5,79.91360691144709,-445
20.216666666666665,485958914,18,20,3,81.6414686825054,-218
20.216666666666665,485958914,18,20,5,79.91360691144709,-445
20.266666666666666,485958918,18,20,7,79.04967602591793,-300
20.266666666666666,485958918,18,20,8,79.04967602591793,-365
20.316666666666666,485958921,18,20,9,77.32181425485962,-557
20.316666666666666,485958921,18,20,11,79.04967602591793,-577
20.316666666666666,485958921,18,20,9,77.32181425485962,-557
20.316666666666666,485958921,18,20,11,79.04967602591793,-577
20.366666666666667,485958925,18,20,14,80.77753779697625,-467
20.366666666666667,485958925,18,20,14,80.77753779697625,-467
20.433333333333334,485958929,18,20,18,81.6414686825054,-644
20.483333333333334,485958931,18,20,19,82.50539956803456,-790
20.483333333333334,485958931,18,20,21,81.6414686825054,-808
20.483333333333334,485958931,18,20,19,82.50539956803456,-790
20.483333333333334,485958931,18,20,21,81.6414686825054,-808
20.55,485958935,18,20,24,85.1511879049676,-786
20.55,485958935,18,20,25,86.87904967602591,-701
20.55,485958935,18,20,24,85.1511879049676,-786
20.55,485958935,18,20,25,86.87904967602591,-701
20.616666666666667,485958939,18,20,28,86.87904967602591,-852
20.616666666666667,485958939,18,20,29,86.01511879049676,-870
20.65,485958941,18,20,30,85.1511879049676,-893
20.65,485958941,18,20,31,85.1511879049676,-782
20.65,485958941,18,20,30,85.1511879049676,-893
20.65,485958941,18,20,31,85.1511879049676,-782
20.716666666666665,485958945,18,20,34,82.50539956803456,-415
20.716666666666665,485958945,18,20,35,80.77753779697625,-331
20.716666666666665,485958945,18,20,34,82.50539956803456,-415
20.716666666666665,485958945,18,20,35,80.77753779697625,-331
20.783333333333335,485958949,18,20,39,79.91360691144709,-490
20.783333333333335,485958949,18,20,39,79.91360691144709,-490
20.85,485958953,18,20,43,73.81209503239741,-571
20.85,485958953,18,20,43,73.81209503239741,-571
20.916666666666668,485958957,18,20,46,74.73002159827215,-680
20.916666666666668,485958957,18,20,47,72.94816414686825,-724
20.916666666666668,485958957,18,20,46,74.73002159827215,-680
20.916666666666668,485958957,18,20,47,72.94816414686825,-724
20.983333333333334,485958961,18,20,51,72.0842332613391,-660
21.016666666666666,485958963,18,20,52,72.0842332613391,-524
21.016666666666666,485958963,18,20,53,72.0842332613391,-598
21.016666666666666,485958963,18,20,52,72.0842332613391,-524
21.016666666666666,485958963,18,20,53,72.0842332613391,-598
21.083333333333332,485958967,18,20,56,72.94816414686825,-608
21.083333333333332,485958967,18,20,57,72.94816414686825,-533
21.083333333333332,485958967,18,20,56,72.94816414686825,-608
21.083333333333332,485958967,18,20,57,72.94816414686825,-533
21.15,485958976,18,21,1,69.49244060475162,-587
21.166666666666668,485958977,18,21,2,62.52699784017278,-625
21.166666666666668,485958977,18,21,2,62.52699784017278,-625
21.25,485958982,18,21,7,58.207343412526996,187
21.25,485958982,18,21,7,58.207343412526996,187
21.333333333333332,485958986,18,21,11,52.105831533477314,-5
21.333333333333332,485958986,18,21,12,52.105831533477314,4
21.35,485958988,18,21,13,48.650107991360684,-27
21.35,485958988,18,21,13,48.650107991360684,-27
21.433333333333334,485958992,18,21,17,43.412526997840175,9
21.433333333333334,485958992,18,21,18,40.8207343412527,-9
21.433333333333334,485958992,18,21,17,43.412526997840175,9
21.433333333333334,485958992,18,21,18,40.8207343412527,-9
21.5,485958995,18,21,22,36.447084233261336,-3
21.516666666666666,485958998,18,21,23,35.58315334773218,-3
21.516666666666666,485958998,18,21,23,35.58315334773218,-3
21.6,485959002,18,21,27,34.71922246220302,-29
21.6,485959002,18,21,28,32.991360691144706,-25
21.6,485959002,18,21,28,32.991360691144706,-25
21.65,485959006,18,21,31,30.399568034557234,-23
21.65,485959006,18,21,31,30.399568034557234,-23
21.733333333333334,485959010,18,21,35,27.75377969762419,-38
21.733333333333334,485959010,18,21,36,26.025917926565874,-2
21.733333333333334,485959010,18,21,35,27.75377969762419,-38
21.733333333333334,485959010,18,21,36,26.025917926565874,-2
21.8,485959014,18,21,40,0.0,-1
21.8,485959014,18,21,39,0.0,0
21.8,485959014,18,21,40,0.0,-1
21.883333333333333,485959018,18,21,44,0.0,36
21.883333333333333,485959018,18,21,45,0.0,-11
21.883333333333333,485959018,18,21,44,0.0,36
21.883333333333333,485959018,18,21,45,0.0,-11
21.95,485959022,18,21,47,0.0,10
21.95,485959022,18,21,49,0.0,114
21.966666666666665,485959025,18,21,50,0.0,11
21.966666666666665,485959025,18,21,50,0.0,11
22.05,485959028,18,21,54,0.0,-27
22.05,485959028,18,21,55,0.0,8
22.05,485959028,18,21,54,0.0,-27
22.05,485959028,18,21,55,0.0,8
22.116666666666667,485959033,18,21,59,0.0,82
22.133333333333333,485959035,18,22,0,0.0,-32
22.133333333333333,485959035,18,22,0,0.0,-32
22.216666666666665,485959043,18,22,5,0.0,-45
22.25,485959045,18,22,6,0.0,-27
22.25,485959045,18,22,7,0.0,-7
22.25,485959045,18,22,6,0.0,-27
22.25,485959045,18,22,7,0.0,-7
