minutes,timestamp,asi,vsi,pAltitude,cht
0.0,485950808,38.22894168466523,174,332,
0.0,485950808,,,,"[230.0, 239.0, 267.8, 239.0]"
0.0,485950808,46.92224622030237,91,330,
0.0,485950808,38.22894168466523,174,332,
0.0,485950808,,,,"[230.0, 239.0, 267.8, 239.0]"
0.0,485950808,46.92224622030237,91,330,
0.06666666666666667,485950812,61.663066954643625,96,332,
0.06666666666666667,485950812,,,,"[231.8, 246.2, 276.8, 240.8]"
0.06666666666666667,485950812,61.663066954643625,96,332,
0.06666666666666667,485950812,,,,"[231.8, 246.2, 276.8, 240.8]"
0.15,485950816,,,,"[237.2, 249.8, 282.2, 240.8]"
0.15,485950816,77.32181425485962,-47,332,
0.15,485950816,,,,"[240.8, 246.2, 285.8, 246.2]"
0.15,485950816,78.18574514038878,-229,326,
0.15,485950816,,,,"[237.2, 249.8, 282.2, 240.8]"
0.15,485950816,77.32181425485962,-47,332,
0.15,485950816,,,,"[240.8, 246.2, 285.8, 246.2]"
0.15,485950816,78.18574514038878,-229,326,
0.2,485950821,88.60691144708423,326,345,
0.2,485950821,89.47084233261339,621,362,
0.2,485950821,,,,"[246.2, 257.0, 289.4, 249.8]"
0.2,485950821,88.60691144708423,326,345,
0.2,485950821,89.47084233261339,621,362,
0.2,485950821,,,,"[246.2, 257.0, 289.4, 249.8]"
0.26666666666666666,485950824,,,,"[244.4, 260.6, 291.2, 251.6]"
0.26666666666666666,485950824,93.84449244060474,1242,426,
0.26666666666666666,485950824,,,,"[248.0, 258.8, 294.8, 253.4]"
0.26666666666666666,485950824,93.84449244060474,1242,426,
0.26666666666666666,485950824,,,,"[248.0, 258.8, 294.8, 253.4]"
0.3333333333333333,485950829,,,,"[246.2, 260.6, 300.2, 255.2]"
0.3333333333333333,485950829,96.43628509719221,1554,534,
0.3333333333333333,485950829,,,,"[253.4, 264.2, 296.6, 253.4]"
0.38333333333333336,485950831,94.7084233261339,1624,563,
0.38333333333333336,485950831,,,,"[251.6, 264.2, 296.6, 255.2]"
0.38333333333333336,485950831,92.92656587473002,1406,586,
0.38333333333333336,485950831,94.7084233261339,1624,563,
0.38333333333333336,485950831,,,,"[251.6, 264.2, 296.6, 255.2]"
0.38333333333333336,485950831,92.92656587473002,1406,586,
0.43333333333333335,485950835,,,,"[264.2, 266.0, 309.2, 262.4]"
0.43333333333333335,485950835,92.92656587473002,1504,672,
0.43333333333333335,485950835,,,,"[264.2, 266.0, 309.2, 262.4]"
0.43333333333333335,485950835,92.92656587473002,1504,672,
0.5166666666666667,485950839,95.57235421166305,1367,733,
0.5166666666666667,485950839,,,,"[262.4, 267.8, 311.0, 257.0]"
0.5166666666666667,485950839,94.7084233261339,866,737,
0.55,485950841,93.84449244060474,1241,767,
0.55,485950841,,,,"[266.0, 269.6, 314.6, 264.2]"
0.55,485950841,98.16414686825053,1227,791,
0.55,485950841,93.84449244060474,1241,767,
0.55,485950841,,,,"[266.0, 269.6, 314.6, 264.2]"
0.55,485950841,98.16414686825053,1227,791,
0.6,485950849,99.02807775377968,1661,866,
0.6,485950849,,,,"[271.4, 275.0, 318.2, 266.0]"
0.6,485950849,99.02807775377968,1661,866,
0.6,485950849,,,,"[271.4, 275.0, 318.2, 266.0]"
0.6833333333333333,485950854,100.755939524838,1504,940,
0.6833333333333333,485950854,,,,"[271.4, 278.6, 320.0, 266.0]"
0.6833333333333333,485950854,,,,"[275.0, 276.8, 323.6, 266.0]"
0.6833333333333333,485950854,98.16414686825053,1112,952,
0.7166666666666667,485950855,100.755939524838,1308,974,
0.7166666666666667,485950855,,,,"[280.4, 278.6, 327.2, 267.8]"
0.7166666666666667,485950855,101.61987041036716,1205,993,
0.7166666666666667,485950855,,,,"[280.4, 278.6, 327.2, 267.8]"
0.7166666666666667,485950855,101.61987041036716,1205,993,
0.7833333333333333,485950859,99.89200863930884,1197,1038,
0.7833333333333333,485950859,,,,"[280.4, 280.4, 327.2, 269.6]"
0.7833333333333333,485950859,101.61987041036716,1096,1062,
0.7833333333333333,485950859,99.89200863930884,1197,1038,
0.7833333333333333,485950859,,,,"[280.4, 280.4, 327.2, 269.6]"
0.7833333333333333,485950859,101.61987041036716,1096,1062,
0.85,485950863,103.40172786177106,1198,1135,
0.85,485950863,,,,"[280.4, 282.2, 332.6, 267.8]"
0.8833333333333333,485950866,,,,"[284.0, 280.4, 334.4, 271.4]"
0.8833333333333333,485950866,105.12958963282938,1207,1156,
0.8833333333333333,485950866,106.8574514038877,1432,1186,
0.8833333333333333,485950866,,,,"[282.2, 282.2, 336.2, 269.6]"
0.8833333333333333,485950866,,,,"[284.0, 280.4, 334.4, 271.4]"
0.8833333333333333,485950866,105.12958963282938,1207,1156,
0.8833333333333333,485950866,106.8574514038877,1432,1186,
0.8833333333333333,485950866,,,,"[282.2, 282.2, 336.2, 269.6]"
0.95,485950869,,,,"[285.8, 285.8, 338.0, 269.6]"
0.95,485950869,104.26565874730022,943,1230,
0.95,485950869,,,,"[289.4, 285.8, 338.0, 275.0]"
0.95,485950869,,,,"[285.8, 285.8, 338.0, 269.6]"
0.95,485950869,104.26565874730022,943,1230,
0.95,485950869,,,,"[289.4, 285.8, 338.0, 275.0]"
1.0333333333333334,485950874,,,,"[291.2, 289.4, 343.4, 271.4]"
1.0333333333333334,485950874,112.95896328293736,959,1282,
1.0333333333333334,485950874,112.0950323974082,720,1293,
1.0333333333333334,485950874,112.95896328293736,959,1282,
1.0333333333333334,485950874,112.0950323974082,720,1293,
1.0833333333333333,485950878,,,,"[285.8, 291.2, 341.6, 271.4]"
1.0833333333333333,485950878,112.0950323974082,1083,1351,
1.0833333333333333,485950878,,,,"[285.8, 291.2, 341.6, 271.4]"
1.0833333333333333,485950878,112.0950323974082,1083,1351,
1.1666666666666667,485950881,,,,"[291.2, 293.0, 350.6, 276.8]"
1.1666666666666667,485950881,114.68682505399568,1203,1412,
1.1666666666666667,485950881,113.82289416846652,1088,1431,
1.1833333333333333,485950883,,,,"[296.6, 293.0, 354.2, 280.4]"
1.1833333333333333,485950883,113.82289416846652,908,1434,
1.1833333333333333,485950883,,,,"[293.0, 293.0, 350.6, 271.4]"
1.1833333333333333,485950883,113.82289416846652,908,1434,
1.1833333333333333,485950883,,,,"[293.0, 293.0, 350.6, 271.4]"
1.2333333333333334,485950888,115.55075593952483,585,1472,
1.2333333333333334,485950888,,,,"[291.2, 293.0, 354.2, 280.4]"
1.2333333333333334,485950888,115.55075593952483,585,1472,
1.2333333333333334,485950888,,,,"[291.2, 293.0, 354.2, 280.4]"
1.3166666666666667,485950892,,,,"[291.2, 293.0, 357.8, 276.8]"
1.3166666666666667,485950892,120.73434125269978,357,1474,
1.3166666666666667,485950892,,,,"[294.8, 294.8, 357.8, 280.4]"
1.35,485950894,120.73434125269978,83,1468,
1.35,485950894,123.38012958963282,161,1480,
1.35,485950894,,,,"[294.8, 294.8, 357.8, 280.4]"
1.35,485950894,120.73434125269978,83,1468,
1.35,485950894,123.38012958963282,161,1480,
1.4333333333333333,485950898,,,,"[294.8, 294.8, 359.6, 280.4]"
1.4333333333333333,485950898,127.6997840172786,596,1496,
1.4333333333333333,485950898,126.83585313174945,103,1480,
1.4333333333333333,485950898,126.83585313174945,71,1477,
1.4333333333333333,485950898,,,,"[294.8, 294.8, 359.6, 280.4]"
1.4333333333333333,485950898,127.6997840172786,596,1496,
1.4333333333333333,485950898,126.83585313174945,103,1480,
1.5,485950902,126.83585313174945,361,1495,
1.5,485950902,,,,"[300.2, 294.8, 361.4, 278.6]"
1.5,485950902,127.6997840172786,159,1501,
1.5,485950902,,,,"[294.8, 294.8, 365.0, 276.8]"
1.5166666666666666,485950904,127.6997840172786,434,1510,
1.5166666666666666,485950904,127.6997840172786,434,1510,
1.6,485950912,132.93736501079914,574,1529,
1.6,485950912,,,,"[303.8, 293.0, 370.4, 282.2]"
1.6,485950912,131.20950323974083,190,1521,
1.6,485950912,132.93736501079914,574,1529,
1.6,485950912,,,,"[303.8, 293.0, 370.4, 282.2]"
1.6,485950912,131.20950323974083,190,1521,
1.65,485950916,132.93736501079914,189,1546,
1.65,485950916,,,,"[300.2, 294.8, 370.4, 282.2]"
1.65,485950916,,,,"[296.6, 296.6, 368.6, 282.2]"
1.65,485950916,132.93736501079914,189,1546,
1.65,485950916,,,,"[300.2, 294.8, 370.4, 282.2]"
1.65,485950916,,,,"[296.6, 296.6, 368.6, 282.2]"
1.7333333333333334,485950920,129.42764578833692,-96,1543,
1.7333333333333334,485950920,,,,"[294.8, 298.4, 368.6, 282.2]"
1.7333333333333334,485950920,130.34557235421167,-151,1539,
1.7333333333333334,485950920,129.42764578833692,-96,1543,
1.7333333333333334,485950920,,,,"[294.8, 298.4, 368.6, 282.2]"
1.7333333333333334,485950920,130.34557235421167,-151,1539,
1.8166666666666667,485950924,132.07343412526998,-300,1527,
1.8166666666666667,485950924,,,,"[298.4, 294.8, 366.8, 282.2]"
1.8166666666666667,485950924,132.93736501079914,-15,1531,
1.8333333333333333,485950927,,,,"[296.6, 296.6, 370.4, 284.0]"
1.8333333333333333,485950927,133.8012958963283,-111,1531,
1.8333333333333333,485950927,,,,"[296.6, 296.6, 370.4, 284.0]"
1.8333333333333333,485950927,133.8012958963283,-111,1531,
1.9166666666666667,485950931,132.93736501079914,-33,1522,
1.9166666666666667,485950931,,,,"[294.8, 296.6, 366.8, 285.8]"
1.9166666666666667,485950931,132.93736501079914,-104,1520,
1.9166666666666667,485950931,132.93736501079914,-33,1522,
1.9166666666666667,485950931,,,,"[294.8, 296.6, 366.8, 285.8]"
1.9166666666666667,485950931,132.93736501079914,-104,1520,
1.9833333333333334,485950935,,,,"[296.6, 294.8, 368.6, 280.4]"
1.9833333333333334,485950935,132.07343412526998,-174,1506,
2.0,485950937,,,,"[298.4, 291.2, 370.4, 291.2]"
2.0,485950937,131.20950323974083,-372,1503,
2.0,485950937,,,,"[296.6, 293.0, 368.6, 282.2]"
2.0,485950937,131.20950323974083,-372,1503,
2.0,485950937,,,,"[296.6, 293.0, 368.6, 282.2]"
2.066666666666667,485950941,,,,"[291.2, 291.2, 363.2, 285.8]"
2.066666666666667,485950941,131.20950323974083,-682,1449,
2.066666666666667,485950941,,,,"[293.0, 289.4, 366.8, 284.0]"
2.066666666666667,485950941,,,,"[291.2, 291.2, 363.2, 285.8]"
2.066666666666667,485950941,131.20950323974083,-682,1449,
2.066666666666667,485950941,,,,"[293.0, 289.4, 366.8, 284.0]"
2.15,485950944,133.8012958963283,-36,1438,
2.15,485950944,,,,"[289.4, 291.2, 363.2, 284.0]"
2.15,485950944,133.8012958963283,-359,1431,
2.15,485950944,,,,"[296.6, 289.4, 370.4, 289.4]"
2.1666666666666665,485950947,133.8012958963283,-39,1438,
2.1666666666666665,485950947,,,,"[293.0, 289.4, 366.8, 282.2]"
2.1666666666666665,485950947,133.8012958963283,-39,1438,
2.1666666666666665,485950947,,,,"[293.0, 289.4, 366.8, 282.2]"
2.2333333333333334,485950951,,,,"[293.0, 289.4, 366.8, 282.2]"
2.2333333333333334,485950951,131.20950323974083,-18,1450,
2.2333333333333334,485950951,,,,"[289.4, 291.2, 361.4, 282.2]"
2.2333333333333334,485950951,,,,"[293.0, 289.4, 366.8, 282.2]"
2.2333333333333334,485950951,131.20950323974083,-18,1450,
2.2333333333333334,485950951,,,,"[289.4, 291.2, 361.4, 282.2]"
2.316666666666667,485950955,126.83585313174945,818,1510,
2.316666666666667,485950955,125.10799136069113,1184,1533,
2.316666666666667,485950955,,,,"[291.2, 285.8, 357.8, 284.0]"
2.3333333333333335,485950957,122.51619870410366,850,1539,
2.3333333333333335,485950957,,,,"[289.4, 289.4, 363.2, 284.0]"
2.3333333333333335,485950957,122.51619870410366,850,1539,
2.3333333333333335,485950957,,,,"[289.4, 289.4, 363.2, 284.0]"
2.4166666666666665,485950961,119.00647948164146,675,1587,
2.4166666666666665,485950961,,,,"[289.4, 284.0, 357.8, 285.8]"
2.4166666666666665,485950961,117.27861771058315,637,1604,
2.4166666666666665,485950961,119.00647948164146,675,1587,
2.4166666666666665,485950961,,,,"[289.4, 284.0, 357.8, 285.8]"
2.4166666666666665,485950961,117.27861771058315,637,1604,
2.4833333333333334,485950965,,,,"[294.8, 282.2, 363.2, 291.2]"
2.4833333333333334,485950965,115.55075593952483,418,1628,
2.4833333333333334,485950965,,,,"[289.4, 284.0, 361.4, 284.0]"
2.5166666666666666,485950967,114.68682505399568,-149,1615,
2.5166666666666666,485950967,120.73434125269978,365,1637,
2.5166666666666666,485950967,,,,"[293.0, 284.0, 365.0, 289.4]"
2.5166666666666666,485950967,114.68682505399568,-149,1615,
2.5166666666666666,485950967,120.73434125269978,365,1637,
2.5166666666666666,485950967,,,,"[293.0, 284.0, 365.0, 289.4]"
2.566666666666667,485950976,115.55075593952483,669,1671,
2.566666666666667,485950976,,,,"[285.8, 282.2, 361.4, 280.4]"
2.566666666666667,485950976,115.55075593952483,669,1671,
2.566666666666667,485950976,,,,"[285.8, 282.2, 361.4, 280.4]"
2.65,485950979,,,,"[289.4, 289.4, 357.8, 289.4]"
2.65,485950979,113.82289416846652,1204,1746,
2.65,485950979,,,,"[284.0, 284.0, 356.0, 289.4]"
2.65,485950979,111.17710583153348,1226,1772,
2.683333333333333,485950981,110.31317494600432,1296,1798,
2.683333333333333,485950981,,,,"[284.0, 284.0, 354.2, 284.0]"
2.683333333333333,485950981,110.31317494600432,1296,1798,
2.683333333333333,485950981,,,,"[284.0, 284.0, 354.2, 284.0]"
2.75,485950986,104.26565874730022,1452,1869,
2.75,485950986,,,,"[289.4, 289.4, 361.4, 285.8]"
2.75,485950986,104.26565874730022,1509,1894,
2.75,485950986,104.26565874730022,1452,1869,
2.75,485950986,,,,"[289.4, 289.4, 361.4, 285.8]"
2.75,485950986,104.26565874730022,1509,1894,
2.816666666666667,485950989,98.16414686825053,1485,1979,
2.816666666666667,485950989,,,,"[291.2, 289.4, 365.0, 291.2]"
2.85,485950992,97.30021598272137,1399,1999,
2.85,485950992,,,,"[285.8, 289.4, 356.0, 282.2]"
2.85,485950992,93.84449244060474,1097,2015,
2.85,485950992,97.30021598272137,1399,1999,
2.85,485950992,,,,"[285.8, 289.4, 356.0, 282.2]"
2.85,485950992,93.84449244060474,1097,2015,
2.9166666666666665,485950996,,,,"[284.0, 291.2, 361.4, 285.8]"
2.9166666666666665,485950996,94.7084233261339,982,2066,
2.9166666666666665,485950996,,,,"[284.0, 291.2, 361.4, 285.8]"
2.9166666666666665,485950996,94.7084233261339,982,2066,
2.9833333333333334,485951000,92.92656587473002,1068,2122,
2.9833333333333334,485951000,91.1987041036717,1130,2141,
2.9833333333333334,485951000,,,,"[291.2, 293.0, 363.2, 284.0]"
3.033333333333333,485951002,90.33477321814254,1119,2166,
3.033333333333333,485951002,,,,"[293.0, 289.4, 363.2, 291.2]"
3.033333333333333,485951002,88.60691144708423,1214,2192,
3.033333333333333,485951002,90.33477321814254,1119,2166,
3.033333333333333,485951002,,,,"[293.0, 289.4, 363.2, 291.2]"
3.033333333333333,485951002,88.60691144708423,1214,2192,
3.1,485951006,,,,"[289.4, 293.0, 359.6, 284.0]"
3.1,485951006,87.74298056155507,979,2252,
3.1,485951006,85.1511879049676,1155,2231,
3.1,485951006,,,,"[289.4, 293.0, 359.6, 284.0]"
3.1,485951006,87.74298056155507,979,2252,
3.1666666666666665,485951010,,,,"[293.0, 296.6, 363.2, 291.2]"
3.1666666666666665,485951010,,,,"[293.0, 296.6, 365.0, 289.4]"
3.1666666666666665,485951010,90.33477321814254,814,2299,
3.2,485951012,89.47084233261339,732,2309,
3.2,485951012,,,,"[298.4, 293.0, 366.8, 294.8]"
3.2,485951012,89.47084233261339,694,2321,
3.2,485951012,89.47084233261339,732,2309,
3.2,485951012,,,,"[298.4, 293.0, 366.8, 294.8]"
3.2,485951012,89.47084233261339,694,2321,
3.2666666666666666,485951016,,,,"[294.8, 296.6, 361.4, 293.0]"
3.2666666666666666,485951016,92.92656587473002,679,2363,
3.2666666666666666,485951016,,,,"[293.0, 298.4, 370.4, 298.4]"
3.2666666666666666,485951016,,,,"[294.8, 296.6, 361.4, 293.0]"
3.2666666666666666,485951016,92.92656587473002,679,2363,
3.2666666666666666,485951016,,,,"[293.0, 298.4, 370.4, 298.4]"
3.3333333333333335,485951021,96.43628509719221,664,2402,
3.3333333333333335,485951021,,,,"[291.2, 298.4, 368.6, 293.0]"
3.3333333333333335,485951021,96.43628509719221,627,2405,
3.3333333333333335,485951021,,,,"[298.4, 296.6, 372.2, 294.8]"
3.3333333333333335,485951021,96.43628509719221,664,2402,
3.3333333333333335,485951021,,,,"[291.2, 298.4, 368.6, 293.0]"
3.3333333333333335,485951021,96.43628509719221,627,2405,
3.3333333333333335,485951021,,,,"[298.4, 296.6, 372.2, 294.8]"
3.4,485951024,99.02807775377968,747,2433,
3.4,485951024,,,,"[298.4, 296.6, 372.2, 294.8]"
3.4,485951024,97.30021598272137,508,2442,
3.4,485951024,99.02807775377968,747,2433,
3.4,485951024,,,,"[298.4, 296.6, 372.2, 294.8]"
3.4,485951024,97.30021598272137,508,2442,
3.466666666666667,485951028,,,,"[298.4, 302.0, 366.8, 296.6]"
3.466666666666667,485951028,98.16414686825053,653,2486,
3.466666666666667,485951028,,,,"[298.4, 302.0, 366.8, 296.6]"
3.466666666666667,485951028,98.16414686825053,653,2486,
3.533333333333333,485951032,99.02807775377968,982,2548,
3.533333333333333,485951032,,,,"[296.6, 298.4, 370.4, 291.2]"
3.533333333333333,485951032,97.30021598272137,997,2563,
3.533333333333333,485951032,,,,"[300.2, 298.4, 375.8, 296.6]"
3.5833333333333335,485951035,97.30021598272137,1108,2585,
3.5833333333333335,485951035,,,,"[296.6, 302.0, 370.4, 289.4]"
3.5833333333333335,485951035,95.57235421166305,1077,2606,
3.5833333333333335,485951035,97.30021598272137,1108,2585,
3.5833333333333335,485951035,,,,"[296.6, 302.0, 370.4, 289.4]"
3.5833333333333335,485951035,95.57235421166305,1077,2606,
3.6333333333333333,485951043,92.92656587473002,1154,2670,
3.6333333333333333,485951043,,,,"[305.6, 305.6, 381.2, 300.2]"
3.6333333333333333,485951043,,,,"[296.6, 302.0, 372.2, 293.0]"
3.6333333333333333,485951043,92.92656587473002,1154,2670,
3.6333333333333333,485951043,,,,"[305.6, 305.6, 381.2, 300.2]"
3.716666666666667,485951047,,,,"[298.4, 303.8, 379.4, 296.6]"
3.716666666666667,485951047,90.33477321814254,1149,2735,
3.716666666666667,485951047,,,,"[300.2, 305.6, 372.2, 294.8]"
3.716666666666667,485951047,89.47084233261339,1057,2752,
3.7333333333333334,485951049,,,,"[296.6, 303.8, 375.8, 298.4]"
3.7333333333333334,485951049,89.47084233261339,920,2766,
3.7333333333333334,485951049,,,,"[296.6, 303.8, 375.8, 298.4]"
3.7333333333333334,485951049,89.47084233261339,920,2766,
3.816666666666667,485951053,91.1987041036717,602,2797,
3.816666666666667,485951053,,,,"[307.4, 307.4, 383.0, 300.2]"
3.816666666666667,485951053,92.06263498920086,591,2811,
3.816666666666667,485951053,91.1987041036717,602,2797,
3.816666666666667,485951053,,,,"[307.4, 307.4, 383.0, 300.2]"
3.816666666666667,485951053,92.06263498920086,591,2811,
3.8833333333333333,485951057,96.43628509719221,731,2840,
3.8833333333333333,485951057,,,,"[300.2, 305.6, 377.6, 291.2]"
3.8833333333333333,485951057,98.16414686825053,885,2863,
3.8833333333333333,485951057,,,,"[298.4, 307.4, 383.0, 296.6]"
3.9,485951059,97.30021598272137,1151,2888,
3.9,485951059,,,,"[300.2, 307.4, 379.4, 296.6]"
3.9,485951059,97.30021598272137,1151,2888,
3.9,485951059,,,,"[300.2, 307.4, 379.4, 296.6]"
3.9833333333333334,485951064,94.7084233261339,1044,2945,
3.9833333333333334,485951064,,,,"[305.6, 311.0, 384.8, 300.2]"
3.9833333333333334,485951064,94.7084233261339,1023,2961,
3.9833333333333334,485951064,,,,"[305.6, 307.4, 381.2, 296.6]"
3.9833333333333334,485951064,94.7084233261339,1044,2945,
3.9833333333333334,485951064,,,,"[305.6, 311.0, 384.8, 300.2]"
3.9833333333333334,485951064,94.7084233261339,1023,2961,
3.9833333333333334,485951064,,,,"[305.6, 307.4, 381.2, 296.6]"
4.066666666666666,485951068,95.57235421166305,1033,3027,
4.066666666666666,485951068,,,,"[305.6, 307.4, 386.6, 303.8]"
4.066666666666666,485951068,94.7084233261339,1139,3049,
4.083333333333333,485951070,,,,"[307.4, 307.4, 381.2, 300.2]"
4.083333333333333,485951070,94.7084233261339,1206,3073,
4.083333333333333,485951070,,,,"[307.4, 307.4, 381.2, 300.2]"
4.083333333333333,485951070,94.7084233261339,1206,3073,
4.166666666666667,485951074,92.92656587473002,1066,3123,
4.166666666666667,485951074,,,,"[302.0, 309.2, 384.8, 293.0]"
4.166666666666667,485951074,92.06263498920086,969,3137,
4.166666666666667,485951074,92.92656587473002,1066,3123,
4.166666666666667,485951074,,,,"[302.0, 309.2, 384.8, 293.0]"
4.166666666666667,485951074,92.06263498920086,969,3137,
4.216666666666667,485951077,,,,"[309.2, 309.2, 388.4, 302.0]"
4.216666666666667,485951077,92.92656587473002,759,3176,
4.266666666666667,485951080,93.84449244060474,602,3186,
4.266666666666667,485951080,,,,"[305.6, 307.4, 383.0, 294.8]"
4.266666666666667,485951080,93.84449244060474,662,3199,
4.266666666666667,485951080,,,,"[307.4, 309.2, 390.2, 305.6]"
4.266666666666667,485951080,,,,"[305.6, 307.4, 383.0, 294.8]"
4.266666666666667,485951080,93.84449244060474,662,3199,
4.266666666666667,485951080,,,,"[307.4, 309.2, 390.2, 305.6]"
4.316666666666666,485951084,,,,"[307.4, 314.6, 392.0, 307.4]"
4.316666666666666,485951084,94.7084233261339,702,3238,
4.316666666666666,485951084,,,,"[305.6, 309.2, 386.6, 303.8]"
4.316666666666666,485951084,,,,"[307.4, 314.6, 392.0, 307.4]"
4.316666666666666,485951084,94.7084233261339,702,3238,
4.316666666666666,485951084,,,,"[305.6, 309.2, 386.6, 303.8]"
4.383333333333334,485951088,95.57235421166305,749,3282,
4.383333333333334,485951088,,,,"[307.4, 311.0, 386.6, 302.0]"
4.383333333333334,485951088,95.57235421166305,749,3282,
4.383333333333334,485951088,,,,"[307.4, 311.0, 386.6, 302.0]"
4.466666666666667,485951092,97.30021598272137,810,3329,
4.466666666666667,485951092,,,,"[307.4, 312.8, 386.6, 302.0]"
4.466666666666667,485951092,97.30021598272137,836,3343,
4.466666666666667,485951092,,,,"[311.0, 314.6, 392.0, 309.2]"
4.466666666666667,485951092,97.30021598272137,810,3329,
4.466666666666667,485951092,,,,"[307.4, 312.8, 386.6, 302.0]"
4.466666666666667,485951092,97.30021598272137,836,3343,
4.466666666666667,485951092,,,,"[311.0, 314.6, 392.0, 309.2]"
4.533333333333333,485951096,,,,"[305.6, 314.6, 388.4, 303.8]"
4.533333333333333,485951096,95.57235421166305,774,3393,
4.533333333333333,485951096,,,,"[311.0, 312.8, 388.4, 307.4]"
4.566666666666666,485951098,96.43628509719221,857,3413,
4.566666666666666,485951098,,,,"[302.0, 311.0, 388.4, 305.6]"
4.566666666666666,485951098,95.57235421166305,976,3434,
4.566666666666666,485951098,96.43628509719221,857,3413,
4.566666666666666,485951098,,,,"[302.0, 311.0, 388.4, 305.6]"
4.566666666666666,485951098,95.57235421166305,976,3434,
4.616666666666666,485951106,94.7084233261339,1066,3489,
4.616666666666666,485951106,,,,"[311.0, 314.6, 393.8, 311.0]"
4.616666666666666,485951106,94.7084233261339,1066,3489,
4.616666666666666,485951106,,,,"[311.0, 314.6, 393.8, 311.0]"
4.7,485951110,92.06263498920086,999,3547,
4.7,485951110,,,,"[307.4, 312.8, 388.4, 303.8]"
4.7,485951110,92.92656587473002,918,3563,
4.7,485951110,,,,"[303.8, 312.8, 388.4, 302.0]"
4.733333333333333,485951113,92.92656587473002,836,3582,
4.733333333333333,485951113,,,,"[311.0, 312.8, 392.0, 305.6]"
4.733333333333333,485951113,92.92656587473002,836,3582,
4.733333333333333,485951113,,,,"[311.0, 312.8, 392.0, 305.6]"
4.816666666666666,485951117,94.7084233261339,706,3624,
4.816666666666666,485951117,,,,"[320.0, 316.4, 397.4, 312.8]"
4.816666666666666,485951117,,,,"[311.0, 312.8, 390.2, 302.0]"
4.816666666666666,485951117,95.57235421166305,757,3637,
4.816666666666666,485951117,,,,"[320.0, 316.4, 397.4, 312.8]"
4.816666666666666,485951117,,,,"[311.0, 312.8, 390.2, 302.0]"
4.816666666666666,485951117,95.57235421166305,757,3637,
4.866666666666666,485951121,,,,"[309.2, 312.8, 388.4, 303.8]"
4.866666666666666,485951121,94.7084233261339,803,3689,
4.866666666666666,485951121,,,,"[307.4, 312.8, 393.8, 307.4]"
4.916666666666667,485951123,94.7084233261339,928,3713,
4.916666666666667,485951123,,,,"[311.0, 312.8, 390.2, 307.4]"
4.916666666666667,485951123,92.06263498920086,770,3726,
4.916666666666667,485951123,94.7084233261339,928,3713,
4.916666666666667,485951123,,,,"[311.0, 312.8, 390.2, 307.4]"
4.916666666666667,485951123,92.06263498920086,770,3726,
4.966666666666667,485951127,,,,"[307.4, 314.6, 393.8, 305.6]"
4.966666666666667,485951127,92.92656587473002,757,3778,
4.966666666666667,485951127,,,,"[307.4, 314.6, 393.8, 305.6]"
4.966666666666667,485951127,92.92656587473002,757,3778,
5.05,485951131,93.84449244060474,963,3834,
5.05,485951131,,,,"[314.6, 316.4, 397.4, 307.4]"
5.05,485951131,91.1987041036717,1084,3858,
5.083333333333333,485951133,,,,"[311.0, 311.0, 386.6, 300.2]"
5.083333333333333,485951133,92.06263498920086,1106,3885,
5.083333333333333,485951133,,,,"[316.4, 314.6, 399.2, 309.2]"
5.083333333333333,485951133,,,,"[311.0, 311.0, 386.6, 300.2]"
5.083333333333333,485951133,92.06263498920086,1106,3885,
5.083333333333333,485951133,,,,"[316.4, 314.6, 399.2, 309.2]"
5.15,485951137,92.06263498920086,864,3933,
5.15,485951137,,,,"[312.8, 316.4, 397.4, 311.0]"
5.15,485951137,92.92656587473002,914,3949,
5.15,485951137,,,,"[312.8, 314.6, 393.8, 311.0]"
5.15,485951137,92.06263498920086,864,3933,
5.15,485951137,,,,"[312.8, 316.4, 397.4, 311.0]"
5.15,485951137,92.92656587473002,914,3949,
5.15,485951137,,,,"[312.8, 314.6, 393.8, 311.0]"
5.2,485951141,,,,"[316.4, 314.6, 393.8, 307.4]"
5.2,485951141,92.92656587473002,892,3997,
5.2,485951141,,,,"[311.0, 314.6, 392.0, 303.8]"
5.25,485951143,92.92656587473002,847,4012,
5.25,485951143,93.84449244060474,781,4025,
5.25,485951143,,,,"[318.2, 312.8, 397.4, 312.8]"
5.25,485951143,92.92656587473002,847,4012,
5.25,485951143,93.84449244060474,781,4025,
5.25,485951143,,,,"[318.2, 312.8, 397.4, 312.8]"
5.316666666666666,485951148,95.57235421166305,715,4061,
5.316666666666666,485951148,,,,"[316.4, 312.8, 392.0, 311.0]"
5.316666666666666,485951148,95.57235421166305,708,4077,
5.316666666666666,485951148,95.57235421166305,715,4061,
5.316666666666666,485951148,,,,"[316.4, 312.8, 392.0, 311.0]"
5.316666666666666,485951148,95.57235421166305,708,4077,
5.383333333333334,485951151,97.30021598272137,709,4115,
5.383333333333334,485951151,,,,"[307.4, 307.4, 393.8, 303.8]"
5.383333333333334,485951151,97.30021598272137,673,4125,
5.416666666666667,485951153,,,,"[316.4, 312.8, 397.4, 311.0]"
5.416666666666667,485951153,97.30021598272137,556,4134,
5.416666666666667,485951153,,,,"[316.4, 312.8, 397.4, 311.0]"
5.416666666666667,485951153,97.30021598272137,556,4134,
5.483333333333333,485951157,98.16414686825053,207,4140,
5.483333333333333,485951157,,,,"[316.4, 316.4, 392.0, 312.8]"
5.483333333333333,485951157,99.02807775377968,232,4148,
5.483333333333333,485951157,98.16414686825053,207,4140,
5.483333333333333,485951157,,,,"[316.4, 316.4, 392.0, 312.8]"
5.483333333333333,485951157,99.02807775377968,232,4148,
5.55,485951161,,,,"[307.4, 311.0, 392.0, 311.0]"
5.55,485951161,100.755939524838,308,4166,
5.55,485951161,100.755939524838,265,4170,
5.566666666666666,485951163,,,,"[316.4, 311.0, 397.4, 314.6]"
5.566666666666666,485951163,101.61987041036716,209,4170,
5.566666666666666,485951163,,,,"[314.6, 312.8, 399.2, 312.8]"
5.566666666666666,485951163,,,,"[316.4, 311.0, 397.4, 314.6]"
5.566666666666666,485951163,101.61987041036716,209,4170,
5.566666666666666,485951163,,,,"[314.6, 312.8, 399.2, 312.8]"
5.633333333333334,485951172,105.99352051835854,-192,4160,
5.633333333333334,485951172,,,,"[312.8, 311.0, 397.4, 314.6]"
5.633333333333334,485951172,105.99352051835854,-192,4160,
5.633333333333334,485951172,,,,"[312.8, 311.0, 397.4, 314.6]"
5.716666666666667,485951176,,,,"[307.4, 307.4, 395.6, 309.2]"
5.716666666666667,485951176,113.82289416846652,-667,4106,
5.716666666666667,485951176,,,,"[311.0, 311.0, 393.8, 311.0]"
5.75,485951178,114.68682505399568,-675,4092,
5.75,485951178,,,,"[309.2, 307.4, 393.8, 311.0]"
5.75,485951178,115.55075593952483,-615,4083,
5.75,485951178,114.68682505399568,-675,4092,
5.75,485951178,,,,"[309.2, 307.4, 393.8, 311.0]"
5.75,485951178,115.55075593952483,-615,4083,
5.816666666666666,485951182,,,,"[311.0, 305.6, 393.8, 311.0]"
5.816666666666666,485951182,118.1425485961123,-241,4076,
5.816666666666666,485951182,,,,"[311.0, 305.6, 393.8, 311.0]"
5.816666666666666,485951182,118.1425485961123,-241,4076,
5.883333333333334,485951186,119.00647948164146,-66,4072,
5.883333333333334,485951186,118.1425485961123,-60,4073,
5.883333333333334,485951186,,,,"[307.4, 302.0, 386.6, 303.8]"
5.916666666666667,485951188,,,,"[302.0, 300.2, 390.2, 302.0]"
5.916666666666667,485951188,119.00647948164146,113,4078,
5.916666666666667,485951188,119.00647948164146,-7,4075,
5.916666666666667,485951188,,,,"[302.0, 300.2, 390.2, 302.0]"
5.916666666666667,485951188,119.00647948164146,113,4078,
5.916666666666667,485951188,119.00647948164146,-7,4075,
5.983333333333333,485951191,120.73434125269978,-166,4064,
5.983333333333333,485951191,,,,"[309.2, 300.2, 392.0, 307.4]"
5.983333333333333,485951191,123.38012958963282,-342,4053,
5.983333333333333,485951191,120.73434125269978,-166,4064,
5.983333333333333,485951191,,,,"[309.2, 300.2, 392.0, 307.4]"
5.983333333333333,485951191,123.38012958963282,-342,4053,
6.066666666666666,485951195,,,,"[305.6, 296.6, 383.0, 302.0]"
6.066666666666666,485951195,128.56371490280776,-596,4010,
6.066666666666666,485951195,,,,"[302.0, 294.8, 386.6, 300.2]"
6.066666666666666,485951195,130.34557235421167,-607,3997,
6.083333333333333,485951198,,,,"[302.0, 298.4, 383.0, 302.0]"
6.083333333333333,485951198,131.20950323974083,-540,3989,
6.083333333333333,485951198,,,,"[302.0, 298.4, 383.0, 302.0]"
6.083333333333333,485951198,131.20950323974083,-540,3989,
6.15,485951201,131.20950323974083,-438,3960,
6.15,485951201,,,,"[300.2, 294.8, 381.2, 296.6]"
6.15,485951201,131.20950323974083,-438,3960,
6.15,485951201,,,,"[300.2, 294.8, 381.2, 296.6]"
6.2,485951205,,,,"[302.0, 293.0, 383.0, 296.6]"
6.2,485951205,132.93736501079914,-1027,3899,
6.2,485951205,,,,"[294.8, 291.2, 377.6, 298.4]"
6.233333333333333,485951207,133.8012958963283,-1142,3875,
6.233333333333333,485951207,,,,"[302.0, 293.0, 379.4, 298.4]"
6.233333333333333,485951207,134.66522678185746,-1066,3861,
6.233333333333333,485951207,133.8012958963283,-1142,3875,
6.233333333333333,485951207,,,,"[302.0, 293.0, 379.4, 298.4]"
6.233333333333333,485951207,134.66522678185746,-1066,3861,
6.3,485951211,,,,"[294.8, 289.4, 375.8, 296.6]"
6.3,485951211,137.25701943844493,-1381,3788,
6.3,485951211,,,,"[294.8, 289.4, 375.8, 296.6]"
6.3,485951211,137.25701943844493,-1381,3788,
6.383333333333334,485951215,136.39308855291577,-884,3744,
6.383333333333334,485951215,,,,"[291.2, 285.8, 372.2, 293.0]"
6.383333333333334,485951215,136.39308855291577,-733,3729,
6.383333333333334,485951215,136.39308855291577,-884,3744,
6.383333333333334,485951215,,,,"[291.2, 285.8, 372.2, 293.0]"
6.383333333333334,485951215,136.39308855291577,-733,3729,
6.433333333333334,485951219,,,,"[289.4, 287.6, 368.6, 293.0]"
6.433333333333334,485951219,133.8012958963283,-432,3703,
6.433333333333334,485951219,,,,"[289.4, 289.4, 366.8, 296.6]"
6.433333333333334,485951219,,,,"[289.4, 287.6, 368.6, 293.0]"
6.433333333333334,485951219,133.8012958963283,-432,3703,
6.433333333333334,485951219,,,,"[289.4, 289.4, 366.8, 296.6]"
6.5,485951223,,,,"[294.8, 289.4, 368.6, 298.4]"
6.5,485951223,132.93736501079914,-226,3671,
6.5,485951223,,,,"[287.6, 284.0, 361.4, 293.0]"
6.533333333333333,485951225,132.93736501079914,-465,3663,
6.533333333333333,485951225,,,,"[285.8, 285.8, 366.8, 291.2]"
6.533333333333333,485951225,131.20950323974083,-557,3652,
6.533333333333333,485951225,,,,"[285.8, 285.8, 366.8, 291.2]"
6.533333333333333,485951225,131.20950323974083,-557,3652,
6.6,485951233,,,,"[284.0, 278.6, 359.6, 291.2]"
6.6,485951233,132.93736501079914,-360,3635,
6.6,485951233,,,,"[284.0, 278.6, 359.6, 291.2]"
6.6,485951233,132.93736501079914,-360,3635,
6.683333333333334,485951236,134.66522678185746,-1017,3573,
6.683333333333334,485951236,,,,"[284.0, 275.0, 359.6, 285.8]"
6.683333333333334,485951236,135.5291576673866,-1187,3546,
6.7,485951238,,,,"[276.8, 275.0, 356.0, 287.6]"
6.7,485951238,137.25701943844493,-1393,3526,
6.7,485951238,,,,"[285.8, 276.8, 363.2, 293.0]"
6.7,485951238,,,,"[276.8, 275.0, 356.0, 287.6]"
6.7,485951238,137.25701943844493,-1393,3526,
6.7,485951238,,,,"[285.8, 276.8, 363.2, 293.0]"
6.766666666666667,485951242,,,,"[284.0, 273.2, 357.8, 291.2]"
6.766666666666667,485951242,138.98488120950324,-1472,3431,
6.766666666666667,485951242,138.98488120950324,-1472,3410,
6.766666666666667,485951242,,,,"[280.4, 276.8, 356.0, 287.6]"
6.783333333333333,485951244,,,,"[275.0, 273.2, 350.6, 284.0]"
6.783333333333333,485951244,139.90280777537797,-1384,3383,
6.833333333333333,485951246,138.98488120950324,-1155,3362,
6.833333333333333,485951246,,,,"[275.0, 271.4, 350.6, 285.8]"
6.833333333333333,485951246,138.98488120950324,-1328,3335,
6.833333333333333,485951246,,,,"[275.0, 275.0, 352.4, 287.6]"
6.833333333333333,485951246,138.98488120950324,-1155,3362,
6.833333333333333,485951246,,,,"[275.0, 271.4, 350.6, 285.8]"
6.833333333333333,485951246,138.98488120950324,-1328,3335,
6.833333333333333,485951246,,,,"[275.0, 275.0, 352.4, 287.6]"
6.9,485951250,,,,"[275.0, 271.4, 348.8, 284.0]"
6.9,485951250,138.98488120950324,-928,3293,
6.9,485951250,138.98488120950324,-851,3279,
6.9,485951250,,,,"[275.0, 271.4, 348.8, 284.0]"
6.9,485951250,138.98488120950324,-928,3293,
6.9,485951250,138.98488120950324,-851,3279,
6.966666666666667,485951254,138.12095032397409,-687,3260,
6.966666666666667,485951254,137.25701943844493,-542,3252,
6.966666666666667,485951254,,,,"[267.8, 266.0, 343.4, 278.6]"
6.966666666666667,485951254,138.12095032397409,-687,3260,
6.966666666666667,485951254,137.25701943844493,-542,3252,
6.966666666666667,485951254,,,,"[267.8, 266.0, 343.4, 278.6]"
7.033333333333333,485951258,135.5291576673866,-403,3225,
7.033333333333333,485951258,,,,"[267.8, 264.2, 345.2, 276.8]"
7.033333333333333,485951258,135.5291576673866,-403,3225,
7.033333333333333,485951258,,,,"[267.8, 264.2, 345.2, 276.8]"
7.083333333333333,485951262,132.07343412526998,101,3227,
7.083333333333333,485951262,,,,"[264.2, 264.2, 339.8, 278.6]"
7.133333333333334,485951264,131.20950323974083,-167,3229,
7.133333333333334,485951264,,,,"[264.2, 264.2, 338.0, 276.8]"
7.133333333333334,485951264,129.42764578833692,-209,3221,
7.133333333333334,485951264,131.20950323974083,-167,3229,
7.133333333333334,485951264,,,,"[264.2, 264.2, 338.0, 276.8]"
7.133333333333334,485951264,129.42764578833692,-209,3221,
7.183333333333334,485951268,,,,"[264.2, 262.4, 338.0, 271.4]"
7.183333333333334,485951268,128.56371490280776,-548,3172,
7.216666666666667,485951270,127.6997840172786,-698,3161,
7.216666666666667,485951270,,,,"[267.8, 258.8, 339.8, 275.0]"
7.216666666666667,485951270,,,,"[262.4, 258.8, 332.6, 273.2]"
7.216666666666667,485951270,125.10799136069113,-774,3145,
7.25,485951272,125.97192224622029,-827,3128,
7.25,485951272,,,,"[260.6, 262.4, 336.2, 273.2]"
7.25,485951272,125.97192224622029,-827,3128,
7.25,485951272,,,,"[260.6, 262.4, 336.2, 273.2]"
7.316666666666666,485951275,125.10799136069113,-691,3093,
7.316666666666666,485951275,,,,"[262.4, 258.8, 336.2, 273.2]"
7.316666666666666,485951275,125.10799136069113,-967,3075,
7.316666666666666,485951275,125.10799136069113,-691,3093,
7.316666666666666,485951275,,,,"[262.4, 258.8, 336.2, 273.2]"
7.316666666666666,485951275,125.10799136069113,-967,3075,
7.383333333333334,485951279,125.97192224622029,-819,3043,
7.383333333333334,485951279,125.97192224622029,-714,3037,
7.383333333333334,485951279,,,,"[257.0, 253.4, 321.8, 271.4]"
7.383333333333334,485951279,125.97192224622029,-819,3043,
7.383333333333334,485951279,125.97192224622029,-714,3037,
7.383333333333334,485951279,,,,"[257.0, 253.4, 321.8, 271.4]"
7.45,485951283,126.83585313174945,-800,2985,
7.45,485951283,,,,"[258.8, 253.4, 330.8, 266.0]"
7.45,485951283,125.97192224622029,-868,2974,
7.45,485951283,126.83585313174945,-800,2985,
7.45,485951283,,,,"[258.8, 253.4, 330.8, 266.0]"
7.45,485951283,125.97192224622029,-868,2974,
7.516666666666667,485951287,126.83585313174945,-804,2944,
7.516666666666667,485951287,,,,"[255.2, 255.2, 323.6, 266.0]"
7.516666666666667,485951287,128.56371490280776,-1026,2919,
7.533333333333333,485951289,,,,"[260.6, 258.8, 327.2, 269.6]"
7.533333333333333,485951289,129.42764578833692,-951,2904,
7.533333333333333,485951289,,,,"[251.6, 253.4, 327.2, 267.8]"
7.533333333333333,485951289,,,,"[260.6, 258.8, 327.2, 269.6]"
7.533333333333333,485951289,129.42764578833692,-951,2904,
7.533333333333333,485951289,,,,"[251.6, 253.4, 327.2, 267.8]"
7.616666666666666,485951297,,,,"[257.0, 255.2, 329.0, 264.2]"
7.616666666666666,485951297,128.56371490280776,-1069,2840,
7.616666666666666,485951297,,,,"[253.4, 253.4, 329.0, 267.8]"
7.616666666666666,485951297,129.42764578833692,-948,2832,
7.616666666666666,485951297,,,,"[257.0, 255.2, 329.0, 264.2]"
7.616666666666666,485951297,128.56371490280776,-1069,2840,
7.616666666666666,485951297,,,,"[253.4, 253.4, 329.0, 267.8]"
7.616666666666666,485951297,129.42764578833692,-948,2832,
7.666666666666667,485951301,,,,"[253.4, 251.6, 321.8, 264.2]"
7.666666666666667,485951301,131.20950323974083,-843,2777,
7.666666666666667,485951301,,,,"[258.8, 255.2, 330.8, 266.0]"
7.716666666666667,485951303,131.20950323974083,-997,2757,
7.716666666666667,485951303,,,,"[251.6, 249.8, 321.8, 262.4]"
7.716666666666667,485951303,130.34557235421167,-1044,2736,
7.716666666666667,485951303,131.20950323974083,-997,2757,
7.716666666666667,485951303,,,,"[251.6, 249.8, 321.8, 262.4]"
7.716666666666667,485951303,130.34557235421167,-1044,2736,
7.766666666666667,485951307,132.93736501079914,-1014,2702,
7.766666666666667,485951307,,,,"[249.8, 251.6, 321.8, 264.2]"
7.766666666666667,485951307,133.8012958963283,-967,2686,
7.766666666666667,485951307,132.93736501079914,-1014,2702,
7.766666666666667,485951307,,,,"[249.8, 251.6, 321.8, 264.2]"
7.766666666666667,485951307,133.8012958963283,-967,2686,
7.85,485951311,132.93736501079914,-1235,2632,
7.85,485951311,,,,"[253.4, 249.8, 321.8, 264.2]"
7.85,485951311,132.93736501079914,-1148,2610,
7.866666666666666,485951313,,,,"[251.6, 251.6, 318.2, 266.0]"
7.866666666666666,485951313,,,,"[244.4, 248.0, 316.4, 262.4]"
7.866666666666666,485951313,133.8012958963283,-669,2595,
7.866666666666666,485951313,,,,"[244.4, 248.0, 316.4, 262.4]"
7.866666666666666,485951313,133.8012958963283,-669,2595,
7.916666666666667,485951317,132.07343412526998,-888,2545,
7.916666666666667,485951317,,,,"[249.8, 246.2, 318.2, 264.2]"
7.916666666666667,485951317,132.07343412526998,-888,2545,
7.916666666666667,485951317,,,,"[249.8, 246.2, 318.2, 264.2]"
8.0,485951320,130.34557235421167,-835,2504,
8.0,485951320,,,,"[248.0, 242.6, 316.4, 258.8]"
8.0,485951320,131.20950323974083,-1256,2475,
8.0,485951320,,,,"[244.4, 244.4, 312.8, 258.8]"
8.033333333333333,485951322,,,,"[244.4, 246.2, 312.8, 255.2]"
8.033333333333333,485951322,132.07343412526998,-801,2465,
8.033333333333333,485951322,132.07343412526998,-778,2454,
8.033333333333333,485951322,,,,"[244.4, 246.2, 314.6, 262.4]"
8.033333333333333,485951322,,,,"[244.4, 246.2, 312.8, 255.2]"
8.033333333333333,485951322,132.07343412526998,-801,2465,
8.033333333333333,485951322,132.07343412526998,-778,2454,
8.033333333333333,485951322,,,,"[244.4, 246.2, 314.6, 262.4]"
8.083333333333334,485951326,,,,"[240.8, 244.4, 311.0, 257.0]"
8.083333333333334,485951326,132.93736501079914,-689,2412,
8.083333333333334,485951326,,,,"[240.8, 244.4, 311.0, 257.0]"
8.083333333333334,485951326,132.93736501079914,-689,2412,
8.15,485951330,,,,"[248.0, 248.0, 311.0, 258.8]"
8.15,485951330,129.42764578833692,-819,2368,
8.15,485951330,,,,"[246.2, 242.6, 309.2, 253.4]"
8.183333333333334,485951332,128.56371490280776,-1187,2335,
8.183333333333334,485951332,,,,"[246.2, 244.4, 314.6, 257.0]"
8.183333333333334,485951332,129.42764578833692,-1286,2313,
8.183333333333334,485951332,,,,"[246.2, 244.4, 314.6, 257.0]"
8.183333333333334,485951332,129.42764578833692,-1286,2313,
8.25,485951336,,,,"[246.2, 240.8, 311.0, 255.2]"
8.25,485951336,133.8012958963283,-1191,2245,
8.25,485951336,,,,"[246.2, 240.8, 311.0, 255.2]"
8.25,485951336,133.8012958963283,-1191,2245,
8.3,485951339,132.93736501079914,-1179,2191,
8.3,485951339,,,,"[242.6, 244.4, 307.4, 253.4]"
8.35,485951341,134.66522678185746,-731,2177,
8.35,485951341,,,,"[235.4, 240.8, 305.6, 251.6]"
8.35,485951341,132.93736501079914,-1218,2152,
8.35,485951341,134.66522678185746,-731,2177,
8.35,485951341,,,,"[235.4, 240.8, 305.6, 251.6]"
8.35,485951341,132.93736501079914,-1218,2152,
8.4,485951345,133.8012958963283,-665,2113,
8.4,485951345,,,,"[239.0, 235.4, 300.2, 251.6]"
8.4,485951345,133.8012958963283,-665,2113,
8.4,485951345,,,,"[239.0, 235.4, 300.2, 251.6]"
8.466666666666667,485951349,,,,"[242.6, 235.4, 305.6, 253.4]"
8.466666666666667,485951349,130.34557235421167,-712,2076,
8.466666666666667,485951349,,,,"[240.8, 239.0, 303.8, 249.8]"
8.466666666666667,485951349,,,,"[242.6, 235.4, 305.6, 253.4]"
8.466666666666667,485951349,130.34557235421167,-712,2076,
8.466666666666667,485951349,,,,"[240.8, 239.0, 303.8, 249.8]"
8.533333333333333,485951353,,,,"[242.6, 239.0, 302.0, 251.6]"
8.533333333333333,485951353,132.07343412526998,-707,2036,
8.533333333333333,485951353,,,,"[233.6, 239.0, 302.0, 249.8]"
8.533333333333333,485951353,132.07343412526998,-901,2018,
8.533333333333333,485951353,,,,"[242.6, 239.0, 302.0, 251.6]"
8.533333333333333,485951353,132.07343412526998,-707,2036,
8.533333333333333,485951353,,,,"[233.6, 239.0, 302.0, 249.8]"
8.533333333333333,485951353,132.07343412526998,-901,2018,
8.6,485951360,130.34557235421167,-767,1994,
8.6,485951360,,,,"[231.8, 239.0, 300.2, 249.8]"
8.6,485951360,129.42764578833692,-1099,1966,
8.6,485951360,130.34557235421167,-767,1994,
8.6,485951360,,,,"[231.8, 239.0, 300.2, 249.8]"
8.6,485951360,129.42764578833692,-1099,1966,
8.666666666666666,485951364,130.34557235421167,-932,1923,
8.666666666666666,485951364,,,,"[231.8, 233.6, 293.0, 246.2]"
8.666666666666666,485951364,129.42764578833692,-679,1914,
8.7,485951366,,,,"[233.6, 233.6, 298.4, 244.4]"
8.7,485951366,126.83585313174945,-582,1905,
8.7,485951366,,,,"[233.6, 233.6, 298.4, 244.4]"
8.7,485951366,126.83585313174945,-582,1905,
8.75,485951370,125.97192224622029,-298,1897,
8.75,485951370,,,,"[233.6, 231.8, 296.6, 244.4]"
8.75,485951370,125.97192224622029,-298,1897,
8.75,485951370,,,,"[233.6, 231.8, 296.6, 244.4]"
8.816666666666666,485951374,,,,"[230.0, 233.6, 294.8, 248.0]"
8.816666666666666,485951374,120.73434125269978,-484,1886,
8.816666666666666,485951374,,,,"[231.8, 233.6, 291.2, 246.2]"
8.816666666666666,485951374,119.87041036717062,-285,1882,
8.85,485951375,119.87041036717062,-138,1885,
8.85,485951375,,,,"[230.0, 233.6, 296.6, 246.2]"
8.85,485951375,119.87041036717062,-138,1885,
8.85,485951375,,,,"[230.0, 233.6, 296.6, 246.2]"
8.916666666666666,485951380,118.1425485961123,-351,1879,
8.916666666666666,485951380,,,,"[231.8, 233.6, 293.0, 246.2]"
8.916666666666666,485951380,118.1425485961123,-411,1866,
8.916666666666666,485951380,118.1425485961123,-351,1879,
8.916666666666666,485951380,,,,"[231.8, 233.6, 293.0, 246.2]"
8.916666666666666,485951380,118.1425485961123,-411,1866,
8.966666666666667,485951384,119.00647948164146,-368,1857,
8.966666666666667,485951384,,,,"[231.8, 233.6, 294.8, 246.2]"
8.966666666666667,485951384,119.00647948164146,-368,1857,
8.966666666666667,485951384,,,,"[231.8, 233.6, 294.8, 246.2]"
9.05,485951387,,,,"[233.6, 231.8, 294.8, 246.2]"
9.05,485951387,119.87041036717062,-533,1826,
9.05,485951387,,,,"[230.0, 231.8, 293.0, 244.4]"
9.05,485951387,118.1425485961123,-660,1807,
9.05,485951387,119.87041036717062,-533,1826,
9.05,485951387,,,,"[230.0, 231.8, 293.0, 244.4]"
9.05,485951387,118.1425485961123,-660,1807,
9.116666666666667,485951392,121.6522678185745,-597,1777,
9.116666666666667,485951392,,,,"[233.6, 231.8, 296.6, 248.0]"
9.116666666666667,485951392,121.6522678185745,-597,1777,
9.116666666666667,485951392,,,,"[233.6, 231.8, 296.6, 248.0]"
9.183333333333334,485951396,122.51619870410366,-945,1739,
9.183333333333334,485951396,,,,"[235.4, 235.4, 298.4, 248.0]"
9.183333333333334,485951396,124.24406047516197,-768,1731,
9.183333333333334,485951396,,,,"[231.8, 233.6, 289.4, 248.0]"
9.216666666666667,485951397,124.24406047516197,-607,1722,
9.216666666666667,485951397,,,,"[230.0, 233.6, 293.0, 246.2]"
9.216666666666667,485951397,124.24406047516197,-607,1722,
9.216666666666667,485951397,,,,"[230.0, 233.6, 293.0, 246.2]"
9.283333333333333,485951401,121.6522678185745,-618,1690,
9.283333333333333,485951401,,,,"[233.6, 233.6, 296.6, 249.8]"
9.283333333333333,485951401,119.87041036717062,-702,1677,
9.283333333333333,485951401,121.6522678185745,-618,1690,
9.283333333333333,485951401,,,,"[233.6, 233.6, 296.6, 249.8]"
9.283333333333333,485951401,119.87041036717062,-702,1677,
9.35,485951406,119.00647948164146,-832,1649,
9.35,485951406,119.00647948164146,-491,1641,
9.35,485951406,,,,"[230.0, 233.6, 293.0, 244.4]"
9.383333333333333,485951407,121.6522678185745,-151,1648,
9.383333333333333,485951407,,,,"[230.0, 233.6, 294.8, 246.2]"
9.383333333333333,485951407,120.73434125269978,-622,1630,
9.383333333333333,485951407,121.6522678185745,-151,1648,
9.383333333333333,485951407,,,,"[230.0, 233.6, 294.8, 246.2]"
9.383333333333333,485951407,120.73434125269978,-622,1630,
9.466666666666667,485951412,119.00647948164146,-610,1597,
9.466666666666667,485951412,,,,"[231.8, 233.6, 291.2, 248.0]"
9.466666666666667,485951412,119.00647948164146,-464,1592,
9.466666666666667,485951412,119.00647948164146,-610,1597,
9.466666666666667,485951412,,,,"[231.8, 233.6, 291.2, 248.0]"
9.466666666666667,485951412,119.00647948164146,-464,1592,
9.533333333333333,485951416,118.1425485961123,-591,1575,
9.533333333333333,485951416,,,,"[230.0, 235.4, 296.6, 248.0]"
9.533333333333333,485951416,120.73434125269978,-396,1569,
9.55,485951418,,,,"[231.8, 233.6, 293.0, 248.0]"
9.55,485951418,120.73434125269978,-490,1550,
9.55,485951418,,,,"[231.8, 233.6, 293.0, 248.0]"
9.55,485951418,120.73434125269978,-490,1550,
9.633333333333333,485951426,120.73434125269978,-461,1521,
9.633333333333333,485951426,,,,"[231.8, 235.4, 296.6, 248.0]"
9.633333333333333,485951426,121.6522678185745,-469,1510,
9.633333333333333,485951426,120.73434125269978,-461,1521,
9.633333333333333,485951426,,,,"[231.8, 235.4, 296.6, 248.0]"
9.633333333333333,485951426,121.6522678185745,-469,1510,
9.683333333333334,485951430,,,,"[230.0, 235.4, 296.6, 246.2]"
9.683333333333334,485951430,122.51619870410366,-266,1494,
9.683333333333334,485951430,,,,"[239.0, 239.0, 298.4, 251.6]"
9.733333333333333,485951432,122.51619870410366,-378,1485,
9.733333333333333,485951432,,,,"[235.4, 235.4, 294.8, 246.2]"
9.733333333333333,485951432,119.87041036717062,-553,1471,
9.733333333333333,485951432,,,,"[240.8, 231.8, 296.6, 248.0]"
9.733333333333333,485951432,122.51619870410366,-378,1485,
9.733333333333333,485951432,,,,"[235.4, 235.4, 294.8, 246.2]"
9.733333333333333,485951432,119.87041036717062,-553,1471,
9.733333333333333,485951432,,,,"[240.8, 231.8, 296.6, 248.0]"
9.8,485951436,,,,"[231.8, 231.8, 298.4, 251.6]"
9.8,485951436,121.6522678185745,-611,1438,
9.8,485951436,,,,"[231.8, 231.8, 298.4, 251.6]"
9.8,485951436,121.6522678185745,-611,1438,
9.883333333333333,485951440,,,,"[231.8, 233.6, 293.0, 246.2]"
9.883333333333333,485951440,118.1425485961123,-105,1438,
9.883333333333333,485951440,119.00647948164146,-98,1433,
9.9,485951443,,,,"[228.2, 233.6, 293.0, 240.8]"
9.9,485951443,117.27861771058315,-424,1416,
9.9,485951443,,,,"[235.4, 239.0, 298.4, 249.8]"
9.9,485951443,117.27861771058315,-424,1416,
9.9,485951443,,,,"[235.4, 239.0, 298.4, 249.8]"
9.983333333333333,485951447,,,,"[231.8, 235.4, 294.8, 251.6]"
9.983333333333333,485951447,117.27861771058315,-451,1395,
9.983333333333333,485951447,119.00647948164146,-345,1394,
9.983333333333333,485951447,,,,"[231.8, 235.4, 294.8, 251.6]"
9.983333333333333,485951447,117.27861771058315,-451,1395,
9.983333333333333,485951447,119.00647948164146,-345,1394,
10.033333333333333,485951451,118.1425485961123,-97,1393,
10.033333333333333,485951451,,,,"[240.8, 239.0, 294.8, 251.6]"
10.033333333333333,485951451,117.27861771058315,-27,1389,
10.033333333333333,485951451,,,,"[239.0, 239.0, 303.8, 249.8]"
10.083333333333334,485951453,116.41468682505399,-37,1386,
10.083333333333334,485951453,,,,"[233.6, 235.4, 293.0, 246.2]"
10.083333333333334,485951453,114.68682505399568,-444,1371,
10.083333333333334,485951453,116.41468682505399,-37,1386,
10.083333333333334,485951453,,,,"[233.6, 235.4, 293.0, 246.2]"
10.083333333333334,485951453,114.68682505399568,-444,1371,
10.133333333333333,485951457,116.41468682505399,-73,1373,
10.133333333333333,485951457,,,,"[233.6, 235.4, 296.6, 251.6]"
10.133333333333333,485951457,114.68682505399568,-130,1370,
10.133333333333333,485951457,,,,"[231.8, 235.4, 294.8, 246.2]"
10.133333333333333,485951457,,,,"[233.6, 235.4, 296.6, 251.6]"
10.133333333333333,485951457,114.68682505399568,-130,1370,
10.133333333333333,485951457,,,,"[231.8, 235.4, 294.8, 246.2]"
10.216666666666667,485951461,,,,"[231.8, 235.4, 298.4, 246.2]"
10.216666666666667,485951461,112.95896328293736,232,1382,
10.216666666666667,485951461,,,,"[244.4, 242.6, 300.2, 253.4]"
10.216666666666667,485951461,111.17710583153348,-29,1376,
10.25,485951463,111.17710583153348,-61,1372,
10.25,485951463,,,,"[233.6, 240.8, 298.4, 248.0]"
10.25,485951463,111.17710583153348,-61,1372,
10.25,485951463,,,,"[233.6, 240.8, 298.4, 248.0]"
10.3,485951467,107.72138228941685,-453,1342,
10.3,485951467,,,,"[239.0, 239.0, 302.0, 251.6]"
10.3,485951467,107.72138228941685,-453,1342,
10.3,485951467,,,,"[239.0, 239.0, 302.0, 251.6]"
10.383333333333333,485951472,112.0950323974082,-249,1330,
10.383333333333333,485951472,,,,"[239.0, 244.4, 300.2, 255.2]"
10.383333333333333,485951472,112.95896328293736,-156,1325,
10.416666666666666,485951473,,,,"[233.6, 240.8, 302.0, 251.6]"
10.416666666666666,485951473,112.0950323974082,-166,1325,
10.416666666666666,485951473,,,,"[233.6, 240.8, 302.0, 251.6]"
10.416666666666666,485951473,112.0950323974082,-166,1325,
10.483333333333333,485951478,112.95896328293736,-153,1314,
10.483333333333333,485951478,,,,"[242.6, 242.6, 302.0, 255.2]"
10.483333333333333,485951478,111.17710583153348,73,1317,
10.483333333333333,485951478,,,,"[235.4, 244.4, 302.0, 251.6]"
10.483333333333333,485951478,112.95896328293736,-153,1314,
10.483333333333333,485951478,,,,"[242.6, 242.6, 302.0, 255.2]"
10.483333333333333,485951478,111.17710583153348,73,1317,
10.483333333333333,485951478,,,,"[235.4, 244.4, 302.0, 251.6]"
10.55,485951482,,,,"[239.0, 240.8, 296.6, 249.8]"
10.55,485951482,112.95896328293736,-380,1307,
10.55,485951482,,,,"[239.0, 240.8, 296.6, 249.8]"
10.55,485951482,112.95896328293736,-380,1307,
10.633333333333333,485951490,105.99352051835854,-537,1281,
10.633333333333333,485951490,,,,"[235.4, 240.8, 302.0, 255.2]"
10.633333333333333,485951490,107.72138228941685,-161,1285,
10.633333333333333,485951490,105.99352051835854,-537,1281,
10.633333333333333,485951490,,,,"[235.4, 240.8, 302.0, 255.2]"
10.633333333333333,485951490,107.72138228941685,-161,1285,
10.683333333333334,485951494,,,,"[240.8, 240.8, 300.2, 253.4]"
10.683333333333334,485951494,108.58531317494601,-171,1285,
10.733333333333333,485951496,108.58531317494601,-115,1285,
10.733333333333333,485951496,,,,"[237.2, 242.6, 302.0, 251.6]"
10.733333333333333,485951496,108.58531317494601,-96,1286,
10.733333333333333,485951496,,,,"[242.6, 239.0, 300.2, 257.0]"
10.733333333333333,485951496,,,,"[237.2, 242.6, 302.0, 251.6]"
10.733333333333333,485951496,108.58531317494601,-96,1286,
10.733333333333333,485951496,,,,"[242.6, 239.0, 300.2, 257.0]"
10.8,485951500,,,,"[240.8, 246.2, 305.6, 257.0]"
10.8,485951500,107.72138228941685,188,1293,
10.8,485951500,,,,"[246.2, 244.4, 300.2, 253.4]"
10.8,485951500,105.12958963282938,-234,1286,
10.8,485951500,107.72138228941685,188,1293,
10.8,485951500,,,,"[246.2, 244.4, 300.2, 253.4]"
10.8,485951500,105.12958963282938,-234,1286,
10.866666666666667,485951505,,,,"[244.4, 246.2, 302.0, 255.2]"
10.866666666666667,485951505,104.26565874730022,-101,1284,
10.9,485951506,,,,"[244.4, 246.2, 305.6, 258.8]"
10.9,485951506,104.26565874730022,52,1288,
10.9,485951506,,,,"[246.2, 246.2, 300.2, 253.4]"
10.9,485951506,105.12958963282938,-56,1285,
10.9,485951506,104.26565874730022,52,1288,
10.9,485951506,,,,"[246.2, 246.2, 300.2, 253.4]"
10.9,485951506,105.12958963282938,-56,1285,
10.966666666666667,485951511,,,,"[244.4, 240.8, 300.2, 248.0]"
10.966666666666667,485951511,102.53779697624188,-121,1277,
10.966666666666667,485951511,,,,"[246.2, 244.4, 307.4, 258.8]"
10.966666666666667,485951511,,,,"[244.4, 240.8, 300.2, 248.0]"
10.966666666666667,485951511,102.53779697624188,-121,1277,
10.966666666666667,485951511,,,,"[246.2, 244.4, 307.4, 258.8]"
11.05,485951515,,,,"[237.2, 240.8, 300.2, 251.6]"
11.05,485951515,100.755939524838,-72,1273,
11.05,485951515,,,,"[249.8, 242.6, 309.2, 258.8]"
11.05,485951515,99.89200863930884,82,1275,
11.05,485951515,,,,"[237.2, 240.8, 300.2, 251.6]"
11.05,485951515,100.755939524838,-72,1273,
11.05,485951515,,,,"[249.8, 242.6, 309.2, 258.8]"
11.05,485951515,99.89200863930884,82,1275,
11.1,485951519,,,,"[246.2, 242.6, 300.2, 258.8]"
11.1,485951519,97.30021598272137,-149,1266,
11.1,485951519,,,,"[240.8, 242.6, 300.2, 251.6]"
11.1,485951519,,,,"[246.2, 242.6, 300.2, 258.8]"
11.1,485951519,97.30021598272137,-149,1266,
11.1,485951519,,,,"[240.8, 242.6, 300.2, 251.6]"
11.183333333333334,485951523,94.7084233261339,-57,1263,
11.183333333333334,485951523,,,,"[240.8, 242.6, 298.4, 255.2]"
11.183333333333334,485951523,94.7084233261339,-310,1254,
11.183333333333334,485951523,94.7084233261339,-57,1263,
11.183333333333334,485951523,,,,"[240.8, 242.6, 298.4, 255.2]"
11.183333333333334,485951523,94.7084233261339,-310,1254,
11.25,485951528,,,,"[244.4, 244.4, 300.2, 251.6]"
11.25,485951528,97.30021598272137,-237,1234,
11.25,485951528,95.57235421166305,-191,1240,
11.25,485951528,,,,"[244.4, 244.4, 300.2, 251.6]"
11.25,485951528,97.30021598272137,-237,1234,
11.333333333333334,485951532,98.16414686825053,-514,1197,
11.333333333333334,485951532,,,,"[248.0, 248.0, 303.8, 257.0]"
11.333333333333334,485951532,99.89200863930884,-422,1188,
11.333333333333334,485951532,98.16414686825053,-514,1197,
11.333333333333334,485951532,,,,"[248.0, 248.0, 303.8, 257.0]"
11.333333333333334,485951532,99.89200863930884,-422,1188,
11.4,485951536,100.755939524838,-572,1170,
11.4,485951536,,,,"[246.2, 244.4, 303.8, 260.6]"
11.4,485951536,100.755939524838,-374,1166,
11.433333333333334,485951538,,,,"[242.6, 244.4, 303.8, 257.0]"
11.433333333333334,485951538,97.30021598272137,-590,1149,
11.433333333333334,485951538,96.43628509719221,-597,1136,
11.433333333333334,485951538,,,,"[242.6, 244.4, 303.8, 257.0]"
11.433333333333334,485951538,97.30021598272137,-590,1149,
11.433333333333334,485951538,96.43628509719221,-597,1136,
11.5,485951542,96.43628509719221,-512,1116,
11.5,485951542,,,,"[235.4, 242.6, 296.6, 248.0]"
11.5,485951542,95.57235421166305,-679,1102,
11.5,485951542,96.43628509719221,-512,1116,
11.5,485951542,,,,"[235.4, 242.6, 296.6, 248.0]"
11.5,485951542,95.57235421166305,-679,1102,
11.583333333333334,485951546,,,,"[242.6, 242.6, 298.4, 249.8]"
11.583333333333334,485951546,92.92656587473002,-571,1066,
11.583333333333334,485951546,,,,"[242.6, 240.8, 296.6, 257.0]"
11.583333333333334,485951546,92.92656587473002,-660,1052,
11.6,485951553,,,,"[233.6, 240.8, 294.8, 248.0]"
11.6,485951553,91.1987041036717,-724,1040,
11.6,485951553,,,,"[233.6, 240.8, 294.8, 248.0]"
11.6,485951553,91.1987041036717,-724,1040,
11.65,485951556,88.60691144708423,-300,1023,
11.65,485951556,,,,"[240.8, 237.2, 291.2, 249.8]"
11.65,485951556,88.60691144708423,-446,1026,
11.65,485951556,88.60691144708423,-300,1023,
11.65,485951556,,,,"[240.8, 237.2, 291.2, 249.8]"
11.733333333333333,485951561,,,,"[237.2, 240.8, 294.8, 251.6]"
11.733333333333333,485951561,86.87904967602591,-486,1002,
11.733333333333333,485951561,,,,"[235.4, 237.2, 294.8, 249.8]"
11.733333333333333,485951561,86.01511879049676,-361,997,
11.766666666666667,485951562,,,,"[235.4, 237.2, 300.2, 251.6]"
11.766666666666667,485951562,86.01511879049676,-481,985,
11.766666666666667,485951562,,,,"[235.4, 237.2, 300.2, 251.6]"
11.766666666666667,485951562,86.01511879049676,-481,985,
11.833333333333334,485951566,86.01511879049676,-747,945,
11.833333333333334,485951566,,,,"[235.4, 233.6, 293.0, 246.2]"
11.833333333333334,485951566,86.01511879049676,-748,934,
11.833333333333334,485951566,86.01511879049676,-747,945,
11.833333333333334,485951566,,,,"[235.4, 233.6, 293.0, 246.2]"
11.833333333333334,485951566,86.01511879049676,-748,934,
11.916666666666666,485951571,,,,"[231.8, 231.8, 294.8, 244.4]"
11.916666666666666,485951571,88.60691144708423,-792,896,
11.916666666666666,485951571,91.1987041036717,-600,889,
11.933333333333334,485951573,,,,"[233.6, 235.4, 293.0, 249.8]"
11.933333333333334,485951573,89.47084233261339,-683,876,
11.933333333333334,485951573,,,,"[233.6, 235.4, 293.0, 249.8]"
11.933333333333334,485951573,89.47084233261339,-683,876,
12.0,485951577,,,,"[231.8, 230.0, 291.2, 244.4]"
12.0,485951577,90.33477321814254,-787,835,
12.0,485951577,,,,"[231.8, 230.0, 291.2, 244.4]"
12.0,485951577,90.33477321814254,-787,835,
12.083333333333334,485951581,89.47084233261339,-786,793,
12.083333333333334,485951581,,,,"[231.8, 230.0, 291.2, 242.6]"
12.083333333333334,485951581,90.33477321814254,-556,790,
12.083333333333334,485951581,89.47084233261339,-786,793,
12.083333333333334,485951581,,,,"[231.8, 230.0, 291.2, 242.6]"
12.083333333333334,485951581,90.33477321814254,-556,790,
12.133333333333333,485951585,87.74298056155507,-583,765,
12.133333333333333,485951585,,,,"[231.8, 228.2, 285.8, 231.8]"
12.133333333333333,485951585,87.74298056155507,-583,765,
12.133333333333333,485951585,,,,"[231.8, 228.2, 285.8, 231.8]"
12.216666666666667,485951589,86.01511879049676,-423,745,
12.216666666666667,485951589,,,,"[231.8, 231.8, 285.8, 235.4]"
12.216666666666667,485951589,86.01511879049676,-370,739,
12.216666666666667,485951589,,,,"[231.8, 230.0, 291.2, 242.6]"
12.216666666666667,485951589,86.01511879049676,-423,745,
12.216666666666667,485951589,,,,"[231.8, 231.8, 285.8, 235.4]"
12.216666666666667,485951589,86.01511879049676,-370,739,
12.216666666666667,485951589,,,,"[231.8, 230.0, 291.2, 242.6]"
12.266666666666667,485951593,,,,"[228.2, 230.0, 293.0, 240.8]"
12.266666666666667,485951593,84.28725701943844,-450,715,
12.266666666666667,485951593,,,,"[228.2, 230.0, 293.0, 240.8]"
12.266666666666667,485951593,84.28725701943844,-450,715,
12.333333333333334,485951598,82.50539956803456,-524,686,
12.333333333333334,485951598,,,,"[228.2, 228.2, 280.4, 231.8]"
12.333333333333334,485951598,82.50539956803456,-524,686,
12.333333333333334,485951598,,,,"[228.2, 228.2, 280.4, 231.8]"
12.416666666666666,485951602,86.01511879049676,-324,669,
12.416666666666666,485951602,86.01511879049676,-303,666,
12.416666666666666,485951602,,,,"[230.0, 230.0, 289.4, 240.8]"
12.45,485951603,84.28725701943844,-377,656,
12.45,485951603,,,,"[228.2, 226.4, 282.2, 237.2]"
12.45,485951603,84.28725701943844,-443,650,
12.45,485951603,84.28725701943844,-377,656,
12.45,485951603,,,,"[228.2, 226.4, 282.2, 237.2]"
12.45,485951603,84.28725701943844,-443,650,
12.533333333333333,485951608,83.36933045356372,-725,613,
12.533333333333333,485951608,,,,"[222.8, 226.4, 278.6, 233.6]"
12.533333333333333,485951608,84.28725701943844,-881,593,
12.533333333333333,485951608,83.36933045356372,-725,613,
12.533333333333333,485951608,,,,"[222.8, 226.4, 278.6, 233.6]"
12.533333333333333,485951608,84.28725701943844,-881,593,
12.583333333333334,485951616,88.60691144708423,-768,568,
12.583333333333334,485951616,,,,"[226.4, 226.4, 285.8, 237.2]"
12.583333333333334,485951616,90.33477321814254,-523,565,
12.633333333333333,485951618,,,,"[226.4, 228.2, 280.4, 233.6]"
12.633333333333333,485951618,89.47084233261339,-540,554,
12.633333333333333,485951618,,,,"[228.2, 226.4, 280.4, 237.2]"
12.633333333333333,485951618,89.47084233261339,-493,545,
12.633333333333333,485951618,89.47084233261339,-540,554,
12.633333333333333,485951618,,,,"[228.2, 226.4, 280.4, 237.2]"
12.633333333333333,485951618,89.47084233261339,-493,545,
12.7,485951622,89.47084233261339,-510,525,
12.7,485951622,,,,"[228.2, 226.4, 276.8, 235.4]"
12.7,485951622,89.47084233261339,-283,537,
12.7,485951622,89.47084233261339,-510,525,
12.7,485951622,,,,"[228.2, 226.4, 276.8, 235.4]"
12.75,485951626,,,,"[230.0, 231.8, 278.6, 239.0]"
12.75,485951626,86.87904967602591,-378,503,
12.75,485951626,,,,"[226.4, 228.2, 287.6, 235.4]"
12.75,485951626,,,,"[230.0, 231.8, 278.6, 239.0]"
12.75,485951626,86.87904967602591,-378,503,
12.75,485951626,,,,"[226.4, 228.2, 287.6, 235.4]"
12.833333333333334,485951630,,,,"[228.2, 230.0, 280.4, 235.4]"
12.833333333333334,485951630,82.50539956803456,-418,480,
12.833333333333334,485951630,80.77753779697625,-400,472,
12.833333333333334,485951630,,,,"[228.2, 230.0, 287.6, 239.0]"
12.833333333333334,485951630,,,,"[228.2, 230.0, 280.4, 235.4]"
12.833333333333334,485951630,82.50539956803456,-418,480,
12.833333333333334,485951630,80.77753779697625,-400,472,
12.833333333333334,485951630,,,,"[228.2, 230.0, 287.6, 239.0]"
12.9,485951634,,,,"[226.4, 228.2, 278.6, 235.4]"
12.9,485951634,76.45788336933046,-435,453,
12.9,485951634,,,,"[226.4, 228.2, 278.6, 233.6]"
12.933333333333334,485951637,74.73002159827215,-432,446,
12.933333333333334,485951637,74.73002159827215,-364,440,
12.933333333333334,485951637,,,,"[222.8, 228.2, 282.2, 233.6]"
12.933333333333334,485951637,74.73002159827215,-432,446,
12.933333333333334,485951637,74.73002159827215,-364,440,
12.933333333333334,485951637,,,,"[222.8, 228.2, 282.2, 233.6]"
13.0,485951641,,,,"[221.0, 228.2, 280.4, 231.8]"
13.0,485951641,72.0842332613391,-491,413,
13.0,485951641,,,,"[228.2, 224.6, 273.2, 233.6]"
13.0,485951641,,,,"[221.0, 228.2, 280.4, 231.8]"
13.0,485951641,72.0842332613391,-491,413,
13.0,485951641,,,,"[228.2, 224.6, 273.2, 233.6]"
13.083333333333334,485951645,72.94816414686825,-487,387,
13.083333333333334,485951645,,,,"[224.6, 222.8, 278.6, 233.6]"
13.083333333333334,485951645,71.22030237580994,-507,377,
13.083333333333334,485951645,,,,"[221.0, 222.8, 278.6, 230.0]"
13.116666666666667,485951647,72.94816414686825,-479,368,
13.116666666666667,485951647,,,,"[228.2, 226.4, 278.6, 237.2]"
13.116666666666667,485951647,70.35637149028078,-662,352,
13.116666666666667,485951647,72.94816414686825,-479,368,
13.116666666666667,485951647,,,,"[228.2, 226.4, 278.6, 237.2]"
13.116666666666667,485951647,70.35637149028078,-662,352,
13.183333333333334,485951651,70.35637149028078,-581,332,
13.183333333333334,485951651,,,,"[226.4, 222.8, 273.2, 230.0]"
13.183333333333334,485951651,66.03671706263499,-709,316,
13.183333333333334,485951651,70.35637149028078,-581,332,
13.183333333333334,485951651,,,,"[226.4, 222.8, 273.2, 230.0]"
13.183333333333334,485951651,66.03671706263499,-709,316,
13.25,485951655,59.93520518358531,-187,305,
13.25,485951655,,,,"[217.4, 226.4, 278.6, 231.8]"
13.25,485951655,59.93520518358531,-187,305,
13.25,485951655,,,,"[217.4, 226.4, 278.6, 231.8]"
13.3,485951660,51.24190064794816,14,310,
13.3,485951660,,,,"[224.6, 222.8, 273.2, 233.6]"
13.3,485951660,51.24190064794816,14,310,
13.3,485951660,,,,"[224.6, 222.8, 273.2, 233.6]"
13.383333333333333,485951664,43.412526997840175,15,311,
13.383333333333333,485951664,,,,"[222.8, 224.6, 275.0, 231.8]"
13.383333333333333,485951664,37.36501079913607,19,312,
13.416666666666666,485951666,,,,"[224.6, 221.0, 276.8, 231.8]"
13.416666666666666,485951666,32.991360691144706,-23,311,
13.416666666666666,485951666,,,,"[224.6, 224.6, 273.2, 228.2]"
13.416666666666666,485951666,,,,"[224.6, 221.0, 276.8, 231.8]"
13.416666666666666,485951666,32.991360691144706,-23,311,
13.416666666666666,485951666,,,,"[224.6, 224.6, 273.2, 228.2]"
13.5,485951670,,,,"[221.0, 224.6, 275.0, 228.2]"
13.5,485951670,0.0,-14,309,
13.5,485951670,,,,"[213.8, 221.0, 267.8, 228.2]"
13.5,485951670,,,,"[221.0, 224.6, 275.0, 228.2]"
13.5,485951670,0.0,-14,309,
13.5,485951670,,,,"[213.8, 221.0, 267.8, 228.2]"
13.55,485951674,,,,"[213.8, 217.4, 266.0, 224.6]"
13.55,485951674,0.0,42,314,
13.55,485951674,,,,"[217.4, 221.0, 271.4, 233.6]"
13.6,485951680,0.0,88,315,
13.6,485951680,,,,"[213.8, 222.8, 269.6, 224.6]"
13.6,485951680,0.0,51,316,
13.6,485951680,,,,"[213.8, 222.8, 269.6, 224.6]"
13.6,485951680,0.0,51,316,
13.666666666666666,485951684,,,,"[213.8, 221.0, 267.8, 224.6]"
13.666666666666666,485951684,0.0,23,315,
13.666666666666666,485951684,,,,"[212.0, 217.4, 267.8, 228.2]"
13.666666666666666,485951684,,,,"[213.8, 221.0, 267.8, 224.6]"
13.666666666666666,485951684,0.0,23,315,
13.666666666666666,485951684,,,,"[212.0, 217.4, 267.8, 228.2]"
13.75,485951689,0.0,86,320,
13.75,485951689,,,,"[213.8, 217.4, 266.0, 224.6]"
13.75,485951689,0.0,37,318,
13.783333333333333,485951691,,,,"[213.8, 222.8, 269.6, 230.0]"
13.783333333333333,485951691,0.0,23,315,
13.783333333333333,485951691,0.0,-88,313,
13.783333333333333,485951691,,,,"[213.8, 222.8, 269.6, 230.0]"
13.783333333333333,485951691,0.0,23,315,
13.783333333333333,485951691,0.0,-88,313,
13.85,485951695,,,,"[215.6, 219.2, 271.4, 231.8]"
13.85,485951695,0.0,-58,311,
13.85,485951695,,,,"[215.6, 219.2, 271.4, 231.8]"
13.85,485951695,0.0,-58,311,
13.916666666666666,485951699,0.0,24,314,
13.916666666666666,485951699,,,,"[212.0, 219.2, 267.8, 224.6]"
13.916666666666666,485951699,0.0,11,313,
